	text	Y	T_true	T_proxy	C
0	*ODTÃœden mezun olmadan yapÄ±lacak 100 ÅŸey* Madde 101: Pikapla kampÃ¼sten kaÃ§mak	1	0	0	1
1	1, 5, 18, 47, 93, 191 galiba 2048 yapmaya Ã§alÄ±ÅŸÄ±yoruz	1	0	0	1
2	14 temmuz 1987 queen afyon konserine gitmeyenler de hala kendilerine queen fanÄ±yÄ±m diyor... yazÄ±k	1	0	0	1
3	18 yaÅŸÄ±ma gelmemin 50 yÄ±l, 18'den 30 yaÅŸÄ±ma gelmemin ise 1 ay sÃ¼rdÃ¼ÄŸÃ¼ne yemin edebilirim. 	1	0	0	1
4	19 aÄŸustos cumhuriyeti anma ve ulusal zafer bayramÄ±mÄ±z kutlu olsun!	1	1	1	1
5	"20 dakikadÄ±r ""bu ÅŸarkÄ± bitsin yatÄ±cam"" diyorum, bilgisayardan kalkamadÄ±m"	1	0	0	1
6	20 milyonluk ÅŸehre metrosuz havaalanÄ± yapmak nasÄ±l baÅŸarÄ±?	1	0	0	1
7	3 hamburgercik yedin sadece, doymamÄ±ÅŸsÄ±ndÄ±r	1	0	0	1
8	3 Temmuz'dan bu yana FenerbahÃ§e'nin kÃ¼me dÃ¼ÅŸmesi iÃ§in mÃ¼cadele eden Galatasaray, TBF'nin alacaÄŸÄ± karar ile maÃ§a Ã§Ä±kmazsa kÃ¼me dÃ¼ÅŸecek.	1	0	0	1
9	31 yaÅŸÄ±ndayÄ±m, evde top oynarken vazo kÄ±rdÄ±m, performans geÃ§ici ama klas kalÄ±cÄ±dÄ±r.	1	0	0	1
10	5 bardak kahve az deÄŸil mi, bir beÅŸ bardak daha iÃ§ istersen	1	0	0	1
11	6. kez geldiÄŸim diÅŸÃ§iden artÄ±k Ã§Ã¼rÃ¼k raporu alacaÄŸÄ±m :)	1	0	0	1
12	7 yÄ±ldÄ±r gÃ¶revde olan RektÃ¶r Ã¼niversitenin kronikleimiÅŸ sorunlarÄ±nÄ± Ã§Ã¶zmek iÃ§in zamana ve iradeli olmaya ihtiyacÄ±mÄ±z olduÄŸunu vurguladÄ±.	1	0	0	1
13	ABD, kÃ¶leliÄŸi, kitlesel tÃ¼ketimi zihinsel olarak icat ettiÄŸinde kaldÄ±rmÄ±ÅŸ.	1	0	0	0
14	ABD, TÃ¼rkiyeâ€™ye ekonomik saldÄ±rÄ± yaparken bize saldÄ±ran Ã¼lkenin parasÄ±na yatÄ±rÄ±m yapmak sizce de ironik deÄŸil mi?	1	0	0	1
15	Acil kodlama Ã¶ÄŸrenmelisiniz, hepiniz! Gelecekte kodlama bilmeyenleri tuz madenlerine yollayacaklar.	1	1	1	0
16	Afrika'daki aÃ§lÄ±ÄŸÄ± 5 dakikada bitirebilecek insanlar, bahÅŸiÅŸ vermemek iÃ§in sÄ±raya giriyorlar.	1	0	0	1
17	akÅŸamdan beri sivri sinekler 3 tÃ¼p kan aldÄ±. inÅŸallah sonuÃ§lar temiz Ã§Ä±kar.	1	0	0	0
18	AldÄ±ÄŸÄ±mÄ±z nefese vergi vermiyoruz daha ne istiyorsunuz?	1	0	0	0
19	Almanya bizi kÄ±skanÄ±yor	1	0	0	0
20	Ambulans bir Ã§ocuÄŸa Ã§arparak onu sakatladÄ±.	1	0	0	1
21	Amerika son 10 yÄ±lda uyuÅŸturucuyla mÃ¼cadele iÃ§in verdiÄŸi 780 milyon dolar ile uyuÅŸturucunun %10 oranda yaygÄ±nlaÅŸmasÄ±nÄ± saÄŸladÄ±...	1	0	0	1
22	Amerika'da en Ã§ok gasp edilen kitap Ä°ncil'miÅŸ.	1	0	0	0
23	"Amerika'ya diktatÃ¶rlÃ¼k geldiÄŸinde, yine ""diktatÃ¶rlÃ¼k Ã¼lkeye gelmesin diye silahlanmalÄ±yÄ±z"" diyen aynÄ± kiÅŸiler diktatÃ¶rlÃ¼ÄŸÃ¼ destekleyecekler."	1	0	0	0
24	AntibiyotiÄŸe direnÃ§li bakteri nedeniyle komaya giren hasta virÃ¼sle kurtarÄ±ldÄ±.	1	0	0	0
25	Araba Ã§arpan falcÄ±, arabanÄ±n nereden geldiÄŸini gÃ¶remediÄŸini (!) sÃ¶yledi.	1	1	1	0
26	Araba Ã§arpmasÄ±n diye yoldan kaÃ§an adamÄ±n Ã¼stÃ¼ne aÄŸaÃ§ devrildi.	1	0	0	0
27	aralÄ±klÄ± aÃ§lÄ±k denen ÅŸeyi deniyorum, 3. dakikadayÄ±z herhangi bir sorun yok gibi.	1	0	0	0
28	Askere gitmemek iÃ§in 8 yÄ±ldÄ±r iÅŸletme okuyan adam Ä°srail'e girelim diyor.	1	0	0	0
29	aslÄ±nda evde Ã§ok sÄ±kÄ±lmÄ±yor insan ama aynÄ± marka 1â€™er kiloluk 2 pirinÃ§ paketinin birinde 7558 diÄŸerinde 7676 tane var..	1	0	0	1
30	atam bu milleti gÃ¶rse samsunda pidesini yer istanbula geri dÃ¶nerdi.	1	0	0	1
31	Ateist olduÄŸum halde din dersinde hep en yÃ¼ksek notlarÄ± alÄ±rdÄ±m, ironinin bÃ¶ylesi!	1	1	1	0
32	AtlarÄ±nÄ± yÄ±llardÄ±r aÃ§ susuz bÄ±rakan faytoncular, aÃ§lÄ±k grevine girmiÅŸler.	1	0	0	0
33	Aynen hocam ben kÃ¼tÃ¼phanede yer bulmayÄ± hiÃ§ sevmem zaten 3 saatte bir gelecek olsanÄ±z da oraya Ã§anta atÄ±n	1	0	0	1
34	Bahamalar'a tatile gelen Ã§iftlerin, yanlarÄ±n su getirmesi ne kadar da komik.	1	0	0	0
35	bak sen bak bak nasÄ±l da masum	1	0	0	0
36	Basketbolu icat eden koÃ§, hayatÄ±nda hiÃ§bir basketbol oyununu kazanamamÄ±ÅŸ.	1	0	0	1
37	BaÅŸkalarÄ±nÄ±n dÃ¼ÅŸÃ¼ncelerini duymayÄ± tahammÃ¼l edemeyen birisi, faÅŸistsiniz diye baÄŸÄ±rÄ±yor.	1	0	0	0
38	belki Ã¼stÃ¼mÃ¼zden bir tÄ±r geÃ§er...	1	0	0	0
39	Ben bÃ¶yle uslu (!) bir Ã§ocuk gÃ¶rmedim.	1	1	1	0
40	ben hep 50 liralÄ±k alÄ±yorum kardeÅŸim beni etkilemiyor	1	0	0	1
41	Ben her zaman yalan sÃ¶ylerim, doÄŸruyu sÃ¶ylerken bile.	1	0	0	0
42	ben ilkokuldan beri sosyal izolasyon uyguluyorum zaten, bana sÄ±kÄ±ntÄ± yok.	1	0	0	0
43	ben kadÄ±n erkek eÅŸitliÄŸi diyorum onlar kadÄ±nlar Ã§alÄ±ÅŸÄ±rken Ã§ocuk bakabilsin diye esnek saatler ve iÅŸyerine kreÅŸ diyor	1	0	0	0
44	ben zaten uÅŸak'a deÄŸil tarhanaya inanÄ±yorum	1	0	0	0
45	bence diyanet iÅŸleri baÅŸkanÄ± tuÄŸÃ§e kazaz olmalÄ±, nasÄ±l olsa dÃ¶rt din biliyor.	1	0	0	0
46	BeyazlarÄ±n siyahlara yapÄ±lan Ä±rkÃ§Ä±lÄ±k hakkÄ±nda konuÅŸmasÄ± ne kadar da komik.	1	0	0	0
47	bi dahakine en yakÄ±n kayÄ±p eÅŸya bÃ¼rosuna bÄ±rakmayÄ± deneyeyim, Ã¶ksÃ¼z kalmasÄ±nlar	1	0	0	0
48	BilgisayarÄ±m klavyeyi algÄ±lamadÄ±ÄŸÄ± iÃ§in, klavyedeki geri tuÅŸuna basmamÄ± istiyor.	1	0	0	0
49	bir adam nargile iÃ§tikten sonra nÃ¶bet geÃ§irmiÅŸ, seri kÃ¶z getirmiÅŸler heralde, fazla seri getirilince bÃ¶yle oluyor	1	0	0	0
50	Bir ara bir hocayla makale yazalÄ±m dedik. Makaleyi ben yazdÄ±m. Makale yayÄ±nlandÄ±. Bilin bakalÄ±m makalede ne yok? AdÄ±m.	1	0	0	0
51	Bir ara ÅŸizofrendim, ama bu aralar iyiyiz.	1	0	0	0
52	bir iliÅŸki bitme sebebi olarak orantÄ±sÄ±z sevgi kullanÄ±mÄ±.	1	0	0	0
53	bir insana kilo mu aldÄ±n denmez, o gittikten sonra arkasÄ±ndan konuÅŸulur artÄ±k Ã¶ÄŸrenin ÅŸu nezaketi!	1	1	1	0
54	Bir seri katile hayranlÄ±k duyacak cinayet bÃ¼ro amiri olabilir mi?	1	0	0	0
55	bir sessizlik, bir huzur, sensiz buralarÄ±n hiÃ§ tadÄ± yok (!)	1	1	1	0
56	Bir sezon daha formamÄ±zda ay yÄ±ldÄ±zlÄ± bayraÄŸÄ± taÅŸÄ±yamayacaÄŸÄ±z, olsun diÄŸer branÅŸlarda baÅŸarÄ±lÄ±yÄ±z nasÄ±l olsa.	1	0	0	1
57	Bir trafik polisinin ceza yazmak iÃ§in durdurduÄŸu arabanÄ±n ÅŸofÃ¶rÃ¼nÃ¼n Ã§ok yakÄ±n bir arkadaÅŸÄ±nÄ±n Ã§Ä±kmasÄ±	1	0	0	1
58	bir yÄ±l iÃ§inde tanÄ±ÅŸÄ±p niÅŸanlanÄ±p evlenen insanlar, oncacÄ±k sÃ¼re iÃ§in niye niÅŸanlanÄ±yorsunuz ki?	1	0	0	0
59	bira deÄŸil o, haram su.	1	0	0	0
60	Biraz daha baÄŸÄ±r, karÅŸÄ± komÅŸu son kÄ±smÄ±nÄ± tam anlamamÄ±ÅŸ.	1	0	0	0
61	birÃ§oÄŸunuz bilmez ama kadÄ±n diye bir ÅŸey yok, sadece hayal Ã¼rÃ¼nÃ¼ kadÄ±nlar.	1	0	0	0
62	Bizi Afrin'e gÃ¶tÃ¼r diyenler, bedelli askerlik sÄ±rasÄ± bekliyorlar.	1	0	0	0
63	BoÅŸ zamanlarÄ±mda anket doldurmaya bayÄ±lÄ±rÄ±m!	1	1	1	0
64	Brokoli medeniyet deÄŸildir. Herkesin yemeyi Ã¶nerdiÄŸi ama Ã¶nerenlerin dahi yemediÄŸi bir bitkidir.	1	0	0	0
65	bu baÅŸ aÄŸrÄ±sÄ±nÄ± geÃ§irene 10 milyon dolar teklif ediyorum.	1	0	0	0
66	Bu bÃ¶lÃ¼mÃ¼n en iyi sÄ±nÄ±fÄ± bÃ¼yÃ¼k amfidir, aksini iddia edeni dÃ¼elloya davet ediyorum.	1	0	0	0
67	bu dÃ¼nyadaki en bÃ¼yÃ¼k gizem hugo'da kÃ¼freden o efsanevi Ã§ocuÄŸun kimliÄŸidir.	1	0	0	0
68	Bu haberleri gÃ¶rmezden gelen basÄ±n, ne kadar azimle (!) Ã§alÄ±ÅŸtÄ±ÄŸÄ±ndan bahsetti.	1	1	1	0
69	Bu harika sarÄ±msak kokusu sayesinde uyuyamÄ±yorum!	1	1	1	0
70	Bu kadar gÃ¼zel bir sabaha bÃ¶yle gÃ¼zel bir trafik kazasÄ± yakÄ±ÅŸÄ±rdÄ±!	1	1	1	0
71	bu yÄ±lÄ±n baÅŸÄ±nda 5 kilo veriyordum, bu gidiÅŸle seneye 15 kilo vermem gerekecek.	1	0	0	1
72	BugÃ¼n sadece bir kilocuk et yedim.	1	0	0	0
73	BugÃ¼nkÃ¼ uÃ§aÄŸÄ±mÄ±zÄ±n pilotu, yÃ¼kseklik korkusuna sahip.	1	0	0	1
74	buradan sevgili cin kardeÅŸlerimize sesleniyorum: siz iÅŸinizi doÄŸru dÃ¼rÃ¼st yapmadÄ±ÄŸÄ±nÄ±z iÃ§in inanÃ§ sistemi yara alÄ±yor.	1	0	0	0
75	canÄ±m okulum pass fail getirmiÅŸ ama dÃ¶nemlik, olsun adam olana Ã§ok bile!	1	1	1	1
76	Charlie ve Ã‡ikolata FabrikasÄ± olmasÄ± gereken filmi Charlie'nin Ã‡ikolata FabrikasÄ± olarak Ã§evirip bize spoiler'Ä±n dibini veren hainlere karÅŸÄ± sessiz mi kalacaÄŸÄ±z?	1	0	0	1
77	CÃ¼mle az gelir kompozisyon yazalÄ±m	1	0	0	0
78	Ã‡evreden duyduÄŸuma gÃ¶re, hiÃ§ bir Ã¼nÃ¼ yokmuÅŸ.	1	0	0	0
79	Ã‡ocuÄŸumu uyutmaya Ã§alÄ±ÅŸÄ±rken uyuya kalan baba, bebeÄŸini saat 04:00'te hala uyanÄ±k gÃ¶rÃ¼nce Ã§aresizce eÅŸini aradÄ±...	1	0	0	1
80	Ã§ok komiksin, o kadar komiksin ki seni dinlerken uyuyakalacaÄŸÄ±m.	1	0	0	0
81	Ã‡ok pahalÄ± montuyla ve altÄ±n kaplÄ± telefonuyla ucuz yemek sÄ±rasÄ±nda bekliyordu!	1	1	1	1
82	Ã§ok ÅŸaÅŸÄ±rtÄ±cÄ±(!) bir durum, toplumsal olaylara duyarlÄ±lÄ±ÄŸÄ±, halkÄ± bilinÃ§lendirmeye yÃ¶nelik programlarÄ± ile bilinen biridir oysa.	1	1	1	1
83	Daha gÃ¼zel bir hayat iÃ§in Ã¶mÃ¼r boyu doyumsuzca Ã§alÄ±ÅŸÄ±r sonra bir gÃ¼n yanlÄ±ÅŸlÄ±kla Ã¶lÃ¼rÃ¼z.	1	0	0	0
84	demek ki aya insanlÄ± araÃ§ gÃ¶ndersek, iÃ§indekiler soluÄŸu jupiterde alacak.	1	0	0	0
85	Derbi galibiyeti nasÄ±l bir ÅŸey unuttum	1	0	0	0
86	DÄ±ÅŸarÄ±da virÃ¼s falan gÃ¶rmÃ¼yorum.	1	0	0	0
87	DijitalleÅŸme konusunu toplantÄ±da konuÅŸurken elektrik gitti. :)	1	0	0	1
88	DiktatÃ¶rÃ¼n twitter'Ä±n kÃ¶kÃ¼nÃ¼ kazÄ±yacaÄŸÄ±nÄ± aÃ§Ä±klamasÄ±nÄ± sevinÃ§le karÅŸÄ±layan kitle bu haberi twitter'dan Ã¶ÄŸrendi.	1	0	0	1
89	Din Ã¼zerine rezervasyonlar ile alÄ±m yapan bir Ã¼niversite, sekÃ¼lerizm ile savaÅŸÄ±yor.	1	0	0	0
90	diyanetin alkol haram deÄŸildir diye fetva vermesi...	1	0	0	0
91	Diyet kola baÄŸÄ±mlÄ±lÄ±ÄŸÄ±nÄ± yendi, 100 milyon dolarlÄ±k aromalÄ± su ÅŸirketi kurdu.	1	0	0	1
92	Diyetisyenim mide kelepÃ§esi taktÄ±rdÄ±ÄŸÄ± iÃ§in bugÃ¼nkÃ¼ randevumuzu iptal etti.	1	0	0	1
93	dolara karÅŸÄ± elimizde bÃ¼yÃ¼k bir koz var: cebinde dolarÄ± olmamak.	1	0	0	0
94	DolarÄ±n 5 lirayÄ± geÃ§tiÄŸini duyan esnaf, banknotlarÄ± yÄ±rtÄ±p atmaya baÅŸladÄ±!	1	1	1	1
95	DolmabahÃ§e SarayÄ±'ndaki altÄ±n temalÄ± mÃ¼tevazi (!) tÃ¶rene yalnÄ±zca 3000 kiÅŸi katÄ±ldÄ±.	1	1	1	1
96	DÃ¼ÄŸÃ¼nÃ¼ne elbette katÄ±lmak isterim ama o gÃ¼n kaynanamin kedisinin doÄŸum gÃ¼nÃ¼ partisi var.	1	0	0	0
97	DÃ¼nyanÄ±n en bÃ¼yÃ¼k tÃ¼tÃ¼n ÅŸirketi, saÄŸlÄ±k hakkÄ±nda kampayalar dÃ¼zenliyor.	1	0	0	0
98	DÃ¼nyanÄ±n en zehirli yÄ±lanÄ± kendi dilini Ä±sÄ±rarak Ã¶lmÃ¼ÅŸ...	1	0	0	0
99	DÃ¼nyaya bakÄ±nca her yer su ama tuzdan Ã¶tÃ¼rÃ¼ iÃ§ilecek bir damla suyu bulmak Ã§ok zor.	1	0	0	0
100	eee tÄ±p'ta 5. senem bittiÄŸine gÃ¶re artÄ±k bilgisayar mÃ¼hendisliÄŸine geÃ§meye hazÄ±rÄ±m	1	0	0	1
101	efendiler yarÄ±n konkordato ilan edeceÄŸiz	1	0	0	0
102	Ekonomimiz Ã¶yle iyi bir halde ki, enflasyon 3 haneli sayÄ±lara Ã§Ä±kacak.	1	0	0	1
103	elektronik aletlerle anlaÅŸamÄ±yorum, sanÄ±rÄ±m kibar davrandÄ±klarÄ±m naz yapÄ±yor.	1	0	0	1
104	"Elon Musk'Ä±n bÃ¼yÃ¼k oÄŸlu ""Hotbird"" bu sene Ã¼niversiteye baÅŸlayacak."	1	0	0	1
105	en sevdiÄŸim ÅŸey 1 hafta sonrasÄ±na arkadaÅŸlarÄ±mla plan yapÄ±p 1 gÃ¼n Ã¶nce iptal etmek.	1	0	0	1
106	Etrafa saÃ§ma sapan virÃ¼sler saÃ§mamak adÄ±na elinizi yÄ±kamaya lavaboya yanaÅŸÄ±yorsunuz, sonra kafanÄ±za pencere dÃ¼ÅŸÃ¼yor. AÅŸÄ±rÄ± iyi deÄŸil mi?	1	0	0	1
107	evde bayram temizliÄŸi yapacaÄŸÄ±z diye beni dÄ±ÅŸarÄ± yolladÄ±lar, yolda fark ettim ki temizliÄŸe benden baÅŸlamÄ±ÅŸlar Ã§ok Ã¼zgÃ¼nÃ¼m ÅŸu an...	1	0	0	0
108	evde dura dura ingiltere kraliÃ§esi gibi oldum, arada Ã§Ä±kÄ±p Ã§Ä±kÄ±p balkondan el sallÄ±yorum!	1	1	1	0
109	Evde kalmak iÃ§in mÃ¼kemmel bir gÃ¼n!	1	1	1	0
110	evde ses olsun diye havlÄ±yorum	1	0	0	0
111	evde spor yapabilen cindir	1	0	0	1
112	evdeki saat kendini 1 saat geri almÄ±ÅŸ, annem de 1 saat geri almÄ±ÅŸ, kimse almamÄ±ÅŸtÄ±r diye ben de aldÄ±m, ÅŸu an aylardan temmuz.	1	0	0	0
113	evden Ã§Ä±kmanÄ±n yasak olduÄŸu bayramda nasÄ±l olduysa normalden daha Ã§ok akraba ile bayramlaÅŸtÄ±m, teÅŸekkÃ¼rler(!) gÃ¶rÃ¼ntÃ¼lÃ¼ konuÅŸma.	1	1	1	0
114	eve kapandÄ±ÄŸÄ±mÄ±z ÅŸu dÃ¶nemlerde kendime yeni ve Ã¶nemli yetenekler katÄ±yorum, mesela bu hafta kÄ±sÄ±r yapmayÄ± Ã¶ÄŸrendim.	1	0	0	1
115	evet ben zaten keyfimden siliyordum yerleri tabii ki geÃ§ Ã§amurlu ayaklarÄ±nla bir ÅŸey olmaz	1	0	0	0
116	Evet bilgisayarlar bizi ele geÃ§irecek	1	0	0	1
117	Evet hocam yanaÄŸÄ±mda kuru bir yer kaldÄ± lÃ¼tfen oraya doÄŸru da Ã¶ksÃ¼rÃ¼n.	1	0	0	0
118	evet veganÄ±m ve et yiyorum!	1	1	1	0
119	Evet, bence de bÃ¶ylesine bulaÅŸÄ±cÄ± bir hastalÄ±ÄŸÄ±n dÃ¼nyayÄ± sardÄ±ÄŸÄ± bu gÃ¼nlerde hep birlikte sokaklarda olarak yalnÄ±z olmadÄ±ÄŸÄ±mÄ±zÄ± hissettirmeliyiz	1	0	0	1
120	Fabrikadaki mÃ¼hendis, kendisinin yerine alacak robotlarÄ±n satÄ±n almasÄ±nÄ± gerÃ§ekleÅŸtirdi.	1	0	0	1
121	Faiz lobisi, caiz lobisi, enflasyon ve dÃ¶viz lobisi birleÅŸip yola Ã§Ä±kmÄ±ÅŸlar. Dikkatli olalÄ±m. Sonra ekonomik kriz var demeyelim.	1	0	0	1
122	FalcÄ±lar, Ã¶ngÃ¶rÃ¼lemez sebeplerden Ã¶tÃ¼rÃ¼ toplantÄ±ya katÄ±lamadÄ±lar.	1	0	0	0
123	FenerbahÃ§e'yi bir sÃ¼rÃ¼ borca sokan adam, Ã¼lkede yÄ±lÄ±n spor adamÄ± seÃ§ilmiÅŸ.	1	0	0	0
124	Fransa not indiriminden ve Rick Perry'nin baÅŸÄ±na gelenlerden dersini (!) almamÄ±ÅŸ anlaÅŸÄ±lan!	1	1	1	0
125	GeÃ§en yÄ±l aldÄ±ÄŸÄ±n saatin kÄ±rmÄ±zÄ±sÄ±nÄ± almÄ±ÅŸsÄ±n! Bu ne sÃ¼rpriz!	1	1	1	0
126	"gelmiÅŸ herkes yakÄ±nda emoji ile anlaÅŸacak konuÅŸma dili kalmayacak diyor. sen emoji'yle ""BÄ° KERE DE BANA Ä°HTÄ°YACIN OLSUN BEEE"" diyebilir misin?"	1	0	0	1
127	gerÃ§ekten harika (!) bir yetenek, doÄŸuÅŸtan mÄ± yoksa kendini geliÅŸtirdin mi bÃ¶yle olmak iÃ§in?	1	1	1	0
128	GerÃ§ekten tebrik ederim, bu mantÄ±klÄ± (!) aÃ§Ä±klama beni Ã§ok tatmin etti.	1	1	1	0
129	Geri kalmÄ±ÅŸ olan saatim, gÃ¼nde 2 kez bile doÄŸruyu gÃ¶stermiyor.	1	0	0	0
130	"gerizekalÄ±sÄ±n diyemediÄŸim iÃ§in ""o da senin gÃ¶rÃ¼ÅŸÃ¼n"" diyorum :/"	1	0	0	0
131	Gitmene ne de Ã§ok Ã¼zÃ¼ldÃ¼m, anlatamam...	1	0	0	1
132	gizli buzlanma gibisin, bir bastÄ±m hayatÄ±m kaydÄ±...	1	0	0	0
133	GÃ¶rme engelli yarÄ±ÅŸmacÄ±ya elini uzatÄ±p sÄ±kmasÄ±nÄ± bekleyen mÃ¼dÃ¼rden istifasÄ± istendi.	1	0	0	1
134	GÃ¼ne daha gÃ¼zel baÅŸlayamazdÄ±m, Ã¼stÃ¼m baÅŸÄ±m Ã§amur oldu.	1	0	0	0
135	Hafif tempolu koÅŸuyu(jogging) bulan kiÅŸinin kalp krizinden hayatÄ±nÄ± yitirmesi ne Ã§eliÅŸkidir ama...	1	0	0	1
136	Halden anlarÄ±m diye manav mÄ± sandÄ±n?	1	0	0	0
137	HanÄ±mefendi siz kendi Ã§abanÄ±zla mi gerizekalÄ± oldunuz yoksa doÄŸuÅŸtan mÄ± bÃ¶yleydiniz	1	0	0	0
138	Hareketlerimin sorumluluÄŸunu almamak benim suÃ§um deÄŸil.	1	0	0	1
139	Harika bir pazar sabahÄ±, evimin Ã¶nÃ¼nde kocaman bir Ã§ukur var.	1	0	0	0
140	Harika! Yeni kameramÄ± kÄ±rdÄ±n.	1	1	1	0
141	Hava sadece 42 derece, buz gibi adeta!	1	1	1	1
142	hayat Ã§ok garip deÄŸil mi ya? hindistanâ€™da tanrÄ± oluyorsun burada kavurma.	1	0	0	0
143	HayatÄ±mda hiÃ§ sermaye piyasasÄ± yazÄ±sÄ± yazmadÄ±ÄŸÄ±m halde ÅŸimdi de yÄ±lÄ±n sermaye piyasasÄ± yazarÄ± Ã¶dÃ¼lÃ¼nÃ¼ aldÄ±m.	1	0	0	0
144	he, he bi akÄ±llÄ± sensin he, aynen kardeÅŸim he	1	0	0	0
145	herkese sÃ¶ylemedim tabii ki, sadece sÄ±nÄ±ftaki 34 kiÅŸiciÄŸin haberi var.	1	0	0	0
146	herkesi ama herkesi malazgirt in doÄŸusuna alÄ±p bir daha anadoluya girmeli. restart edilmeden dÃ¼zelmez.	1	0	0	0
147	hiÃ§bir dersine gitmediÄŸim dersin sÄ±navÄ±ndan 89 almÄ±ÅŸÄ±m :)	1	0	0	0
148	Hocam kaldÄ±rÄ±ma 3 kiÅŸi yan yana tam sÄ±ÄŸamamÄ±ÅŸsÄ±nÄ±z. Ä°sterseniz dilekÃ§e verip kaldÄ±rÄ±mÄ± geniÅŸletme talebinde bulunalÄ±m da yan yana rahat rahat yÃ¼rÃ¼yÃ¼n.	1	0	0	1
149	hocam madem sÄ±navda 19 verecektin ben neden her dersini en Ã¶nden dinledim?	1	0	0	1
150	hocamlar spor salonunda libidomu dÃ¼ÅŸÃ¼rdÃ¼m bulan oldu mu acaba?	1	0	0	0
151	Ä°ddiaya girerim ki kumarÄ± bÄ±rakabilirim!	1	1	1	0
152	Ä°ki ay sonra iÅŸten kovulacak personeller, ÅŸirketin yÄ±lbaÅŸÄ± yemeÄŸinde doyasÄ±ya eÄŸlendi.	1	0	0	0
153	infj burÃ§lular burada mÄ±?	1	0	0	1
154	Ä°ngilizler insanlara en Ã§ok lord kelimesini kullanan toplum olmasÄ±na raÄŸmen, tanrÄ±yÄ± onurlandÄ±ramÄ±yorlar.	1	0	0	0
155	Ä°ngiltere saÄŸlÄ±k bakanÄ±nÄ±n koronavirÃ¼s testi pozitif Ã§Ä±ktÄ±.	1	0	0	1
156	Ä°ngiltere'nin en bÃ¼yÃ¼k kÃ¶peÄŸinin adÄ± Minik.	1	0	0	0
157	Ä°nsan yakÄ±p katliam yapanlar iÃ§in, yaÅŸasÄ±n cehennem!	1	1	1	0
158	"Ä°nternet hÄ±zÄ± arttÄ±rÄ±lsÄ±n diyorum, adam ""boykot ediyoruz"" diyor, kÃ¼fÃ¼r ediyor. Ä°nterneti boykot ediyor, hem de tweet atarak, kafa zehir."	1	0	0	0
159	Ä°nternet kullanmanÄ±n ne kadar sÄ±kÄ±cÄ± olduÄŸunu anlatan bir videoyu yine Youtube Ã¼zerinden yayÄ±nladÄ±m.	1	0	0	1
160	iskoÃ§ eteÄŸi mi? eteÄŸin milliyeti olmaz, dÃ¼nya eteÄŸi iÃ§in destek!	1	1	1	0
161	istanbul havalimanÄ± konum olarak zaten kendisi yanlÄ±ÅŸ yerde, metro istasyonu yanlÄ±ÅŸ olmuÅŸ Ã§ok mu?	1	0	0	1
162	Ä°stanbul'a taÅŸÄ±nsam her hafta bir yeri gezerim, ama Ã¶nce bi TunalÄ± Hilmi Caddesi'ni gÃ¶rsem iyi olacak. :)	1	0	0	0
163	Ä°stanbul'da yaÄŸmur sonrasÄ± ortaya Ã§Ä±kan o harika beton kokusunu hiÃ§bir ÅŸeye deÄŸiÅŸmem be arkadaÅŸ... ohhh mis	1	0	0	0
164	Ä°tfaiye merkezinde kÃ¶tÃ¼ bir yangÄ±n Ã§Ä±kmÄ±ÅŸ.	1	0	0	0
165	Ä°yi ki TopkapÄ± SarayÄ±'nÄ± gezmedi, kaÅŸÄ±kÃ§Ä± elmasÄ±nÄ± da isteyebilirdi.	1	0	0	0
166	KadÄ±na ÅŸiddet uygulayan bÃ¼tÃ¼n erkekleri yine bir kadÄ±nÄ±n yetiÅŸtirmiÅŸ olmasÄ± Ã§ok ironik.	1	0	0	0
167	kadir gecesinde 800 Ã¼rÃ¼ne ek gÃ¼mrÃ¼k vergisi indirilmiÅŸ gÃ¶kten...	1	0	0	1
168	kantin Ã¶nÃ¼ boÅŸÃ§u tayfadaki azime hayranÄ±m. vardiyalÄ± Ã§alÄ±ÅŸÄ±lÄ±yor, gece boyu batak/ ÅŸarkÄ± tÃ¼rkÃ¼yle uyutmadÄ±klarÄ±nÄ± biliyordum ama artÄ±k sabah ekibi de gelmiÅŸ sanÄ±rÄ±m.	1	0	0	0
169	karantinanÄ±n 40. gÃ¼nÃ¼nde hamurun kulak memesi kÄ±vamÄ±na gelmesinin ne demek olduÄŸunu sonunda anladÄ±m.	1	0	0	1
170	karantinanÄ±n 47. gÃ¼nÃ¼nde hayat tercihlerimi sorgulayÄ±p okumaya karar verdiÄŸim 7. meslekten de vazgeÃ§tim	1	0	0	1
171	karbonhidratÄ± kesmekten kasÄ±tlarÄ±nÄ±n pizza dilimlemek olduÄŸunu umuyorum.	1	0	0	1
172	kaynanama ben bakÄ±yormuÅŸum da emekli maaÅŸÄ±nÄ± gÃ¶rÃ¼mcem alÄ±yormuÅŸ gibi bir gÃ¼n...	1	0	0	0
173	kÄ±nadan ve dÃ¼ÄŸÃ¼nden 1346 fotoÄŸraf paylaÅŸmÄ±ÅŸsÄ±n ama gerdek gecesi fotoÄŸrafÄ± gÃ¶remedim hiÃ§?	1	0	0	1
174	kÄ±sa kollu gÃ¶mleÄŸi giydiÄŸim gibi cebimde marlboro ve altÄ±mda doblo belirdi, giymeyin.	1	0	0	1
175	KiÅŸisel mesafeyi korumadÄ±ÄŸÄ±nÄ±z iÃ§in gerÃ§ekten teÅŸekkÃ¼r ederim.	1	0	0	1
176	kokoreÃ§ bile 16 tl olmuÅŸ, aÄŸÄ±z tadÄ±yla b*k bile yiyemiyoruz.	1	0	0	1
177	kolay ananas kesmenin yolu diye video eklemiÅŸler. video 10 dakika.	1	0	0	1
178	Kolonya kutusunda corona virÃ¼sÃ¼ne rastlandÄ±	1	0	0	1
179	Koronavirus ile ilgili toplantÄ± Koronavirus endiÅŸelerinden Ã¶tÃ¼rÃ¼ iptal edildi.	1	0	0	1
180	KoronavirÃ¼s aÅŸÄ±sÄ± ihalesi, yÄ±llÄ±k 1 milyon hasta garantisi ile Kolin-Limak-Cengiz-Kalyon konsorsiyumuna verildi...	1	0	0	1
181	koronavirÃ¼s yÃ¼zÃ¼nden ece erkenin araba parÃ§alamasÄ±na tam focus olamadÄ±k gibi hissediyorum Ã¼zÃ¼cÃ¼	1	0	0	1
182	koronaya karÅŸÄ± elimizde bÃ¼yÃ¼k bir koz var ama halkÄ±n da yan aÃ§masÄ± gerek	1	0	0	0
183	KÃ¼Ã§Ã¼cÃ¼k formu doldurmaya vakit nereden bulayÄ±m ben, izlemem gereken diziler var diyorum.	1	0	0	0
184	lisede Ã§ikolata yedikten sonra yeÅŸil Ã§ay ve soda iÃ§erdik ki Ã§ikolata kilo yapmasÄ±n.	1	0	0	1
185	lisede en arkada oturan ekipten 2 kiÅŸi okumaya Cambridge'e gitti, ben ise iÅŸsizim.	1	0	0	1
186	Luppom olmadan asla!	1	1	1	1
187	lÃ¼tfen arkamdan Ä±ÅŸÄ±klar iÃ§inde yatsÄ±n demeyin, ben uyurken televizyonun Ä±ÅŸÄ±ÄŸÄ±ndan bile rahatsÄ±z oluyorum.	1	0	0	0
188	MaÅŸallah bilgisayarÄ±mÄ±z da pek hÄ±zlÄ± tost makinesiyle yarÄ±ÅŸÄ±r...	1	0	0	0
189	Matkap gÃ¼rÃ¼ltÃ¼leri, Ã§ekiÃ§ darbeleri... Ah ne kadar da huzurlu bir akÅŸam!	1	1	1	0
190	Mesela eskiden bir olay olduÄŸunda bu Ã¼lkeyi komple temizlenmesi lazÄ±m derdik, ÅŸimdi Ã¼lke gerÃ§ekten komple temizleniyor.	1	0	0	0
191	mezar taÅŸÄ±ma online eÄŸitim Ã¶ldÃ¼rdÃ¼ yazarsÄ±nÄ±z	1	0	0	1
192	MÄ°LYARLIK KIYAK! Devletin kasasÄ±ndan Ã§Ä±kan 250 milyon TL ile milyonlarca verginin Ã¼zerine soÄŸuk su iÃ§ebiliriz.	1	1	1	1
193	mozart'Ä±n bestelerini tÃ¼m tuÅŸlara basarak yaptÄ±ÄŸÄ±nÄ± tahmin ediyorum.	1	0	0	0
194	Mucize Ã§ocuk Laurent, Ã¼niversiteden mezun olmasÄ±na gÃ¼nler kala okulu bÄ±raktÄ±.	1	0	0	1
195	mustafa kemal, tÃ¼rk kadÄ±nlarÄ±na bÃ¼tÃ¼n haklarÄ±nÄ± verdi ancak bunu tÃ¼rk erkeklerine sÃ¶ylemeyi unuttu.	1	0	0	0
196	MÃ¼dÃ¼rÃ¼ kovdurmak iÃ§in baÅŸvurduÄŸumuz birimin karar merciini de mÃ¼dÃ¼r atadÄ±ÄŸÄ± iÃ§in, kazanacaÄŸÄ±mÄ±za hiÃ§ ÅŸÃ¼phem yok!	1	1	1	0
197	"mÃ¼ÅŸteri hizmetlerine baÄŸlanmaya Ã§alÄ±ÅŸÄ±yorum, Ã¶nce 20 dakika bekletip dÃ¼ÅŸÃ¼rÃ¼yorlar, sonra da ""hizmetimizi puanlar mÄ±sÄ±nÄ±z"" diye ankete yÃ¶nlendiriyorlar. hangi hizmet?"	1	0	0	1
198	namaz kÄ±lmaya gidiyorum, Allah'tan bir ÅŸey isteyen var mÄ±?	1	0	0	0
199	nasÄ±l da gÃ¼zel bir Ã§ocuk! tam eldivenle sevmelik.	1	1	1	0
200	Ne harika, yaÄŸmurlu bir gÃ¼n daha!	1	1	1	0
201	Ne kadar erkencisin, sadece Ã¼Ã§ saat oldu bekleyeli.	1	0	0	0
202	Ne kadar mÃ¼tevazÄ± olduÄŸunu anlatÄ±p anlatÄ±p bitiremedi.	1	0	0	0
203	New York'taki ofisimin 2 arka bloÄŸunda baÅŸlayan inÅŸaat 20. yaÅŸÄ±nÄ± kutlamak Ã¼zere :)))))	1	0	0	1
204	normalde kÃ¼ltÃ¼rsÃ¼zlÃ¼kten Ã¶lÃ¼rÃ¼m ama bi anda para bayÄ±lÄ±p gitmeyi kabul ettiÄŸim iki etkinlik bulunca ikisi kesin aynÄ± gÃ¼ne gelir	1	0	0	1
205	nuh'un gemiye dinozorlarÄ± almamasÄ± iddiasÄ± devletin ezberlettiÄŸi resmi tarihten baÅŸka kaynak bilmeyenlerin doÄŸru zanettikleri uydurmadÄ±r, aslÄ±nda dinazorlar kendileri gelmek istemediler.	1	0	0	1
206	NÃ¼fus arttÄ±kÃ§a insan sayÄ±sÄ± azalÄ±yor mu?	1	0	0	0
207	O aniden (!) evliliÄŸe giden iliÅŸkinin, diÄŸer uzun iliÅŸki bittikten sonra baÅŸladÄ±ÄŸÄ±nÄ± mÄ± zannediyorsunuz cidden?	1	1	1	1
208	O harika sesinle lÃ¼tfen bir daha ÅŸarkÄ± sÃ¶yleme!	1	1	1	0
209	o kadar aÃ§Ä±m ki midemden gelen guruldamanÄ±n gÃ¼rÃ¼ltÃ¼sÃ¼ne uyandÄ±m ğŸ½ï¸	1	0	0	0
210	O kadar gÃ¼zel bir filmdi ki, 10 dakika bile izlemeye dayanamadÄ±m.	1	0	0	1
211	O kadar hÄ±zlÄ± sÃ¼rdÃ¼ ki bir an duracaÄŸÄ±z diye Ã§ok korktum!	1	1	1	0
212	odamÄ± boyayÄ±p evi temizlediÄŸime gÃ¶re artÄ±k ders Ã§alÄ±ÅŸmaya baÅŸlayabilirim...	1	0	0	0
213	ODTÃœlÃ¼ler bozkÄ±rÄ± gÃ¶zyaÅŸlarÄ±yla yeÅŸertmiÅŸ kesin bilgi	1	0	0	1
214	okula kimliksiz 10 kiÅŸi girmeye Ã§alÄ±ÅŸÄ±nca gÃ¼venlik durduramamÄ±ÅŸ, bundan sonra arkadaÅŸÄ±mÄ± okula sokmak istediÄŸimde 9 kiÅŸi daha bulacaÄŸÄ±m.	1	0	0	1
215	Okulum gerÃ§ekten aÅŸÄ±rÄ± iyi bir online eÄŸitim sunuyor!	1	1	1	1
216	Ã–fke kontrolÃ¼ne sahibim diyorum size neden anlamÄ±yorsunuz!!!	1	1	1	1
217	Ã–ÄŸrenciler savaÅŸlara karÅŸÄ± Ã§Ä±kÄ±n, yoksa tarih kitaplarÄ± kalÄ±nlaÅŸacak...	1	0	0	0
218	Ã¶yle bir Ã¼niversite ki selam veren burslu Ã§Ä±kÄ±yor	1	0	0	0
219	Ã–yle demeyin avcÄ±lar alÄ±nÄ±yor, spor diyeceksiniz!	1	1	1	0
220	Ã¶yle Ã¶lmem yalnÄ±z, fÃ¼ze fÄ±rlat	1	0	0	0
221	Ã–zgÃ¼rlÃ¼k anÄ±tÄ±nÄ±n ayaklarÄ±nÄ±n yere sabit olmasÄ± nasÄ±l bir tezattÄ±r!	1	1	1	0
222	Ã–zgÃ¼rlÃ¼k ÅŸarkÄ±larÄ± sÃ¶yleyen hÃ¼manist sanatÃ§Ä±mÄ±z, hapis cezasÄ± almamÄ± istedi.	1	0	0	0
223	patavatsÄ±z sorular soran akrabalarÄ±mÄ± pek severim.	1	0	0	0
224	polenlerin hedeflerini ÅŸaÅŸÄ±rÄ±p gÃ¶zlerimle Ã¼remeye Ã§alÄ±ÅŸmasÄ± canÄ±mÄ± sÄ±kÄ±yor.	1	0	0	0
225	Polis memuru alkollÃ¼ araba kullanmaktan ehliyetini kaptÄ±rmÄ±ÅŸ.	1	0	0	0
226	PopÃ¼lerliÄŸe katkÄ±da bulunmamak iÃ§in sosyal medya kullanarak mesaj gÃ¶ndermek.	1	0	0	1
227	problemlerin Ã§oÄŸu cebir, hesaplama ya da ÅŸiddet ile Ã§Ã¶zÃ¼lebilir.	1	0	0	0
228	profil fotoÄŸrafÄ±mÄ± deÄŸiÅŸtirdim, benden nefret eden eski sevgilimin ve kÃ¼stÃ¼ÄŸÃ¼mÃ¼z eski en iyi arkadaÅŸÄ±mÄ±n ebeveynleri beÄŸenmiÅŸ hemen...	1	0	0	1
229	pÃ¼skevitin dik duruÅŸu Ã§aya batÄ±rÄ±lana kadardÄ±r.	1	0	0	0
230	"rabbim bize de nasip et artÄ±k sÄ±la hasretini, ben amerika'da aÄŸlayarak ""greek yoghurt"" yemek istiyorum..."	1	0	0	0
231	rabbimden sadece banko kupon istiyorum	1	0	0	1
232	Realist olduÄŸunu sÃ¶yleyen genÃ§ler, kÃ¶tÃ¼ haber duymamak iÃ§in gazete okumadÄ±klarÄ±nÄ± sÃ¶ylediler.	1	0	0	0
233	sabah sabah felaket baÅŸÄ±m aÄŸrÄ±yor umarÄ±m hafÄ±zam siliniyodur	1	0	0	0
234	SabahÄ±n kÃ¶rÃ¼nde kalktÄ±ÄŸÄ±m iÃ§in iÅŸe girerken de Ã§Ä±karken de hava karanlÄ±k oluyor, yaÅŸasÄ±n Ã§alÄ±ÅŸma hayatÄ± -,-	1	0	0	0
235	SabÄ±rlÄ± olmak istiyorum, hem de hemen!	1	1	1	0
236	sanki kapÄ±yÄ± Ã§ektiÄŸin an anahtarÄ±nÄ± iÃ§eride unuttuÄŸunu fark etmiÅŸsin gibi gÃ¼zel bir gÃ¼n.	1	0	0	0
237	Sen hiÃ§ uÄŸraÅŸma, ben tÃ¼m Ã¶devi yaparÄ±m	1	0	0	0
238	sevgili arkadaÅŸlar, Ã¼lke olarak birlik ve beraberliÄŸe en az ihtiyaÃ§ duyduÄŸumuz dÃ¶nemdeyiz...	1	0	0	0
239	sÄ±ÄŸÄ±r olabilirim ama Ã¶kÃ¼z asla!!!	1	1	1	0
240	SÄ±nava geÃ§ kaldÄ±m, aferin bana!	1	1	1	0
241	sigarayÄ± bÄ±rakmak kolay olmasa nasÄ±l 14 kere bÄ±rakayÄ±m canÄ±m?	1	0	0	1
242	Siyasi parti intiharÄ± eleÅŸtirirken kendi iÅŸini de bitirdiÄŸinin farkÄ±nda deÄŸildi.	1	0	0	1
243	siz buna yapay zeka demiÅŸsiniz ama baya yapay aptal bu!	1	1	1	0
244	Siz de bu dondurucu gÃ¼nlerde duyarlÄ± olun ve Ã§eÅŸitli tekstil mahsÃ¼llerinizi ve teknolojik aletlerinizi kalorifer dibi banklara bÄ±rakÄ±p ortadan kaybolun.	1	0	0	1
245	sizin, babanÄ±z erkek kardeÅŸiniz bikini giyse onlara laf atsalar hoÅŸunuza gider mi ?	1	0	0	1
246	son 75 yÄ±lÄ±n en sÄ±cak mayÄ±s ayÄ±ymÄ±ÅŸ, bÃ¶yle gÃ¼zel bir yÄ±la yakÄ±ÅŸÄ±yor mu hiÃ§?	1	0	0	0
247	son aylarda okuduÄŸum en acÄ±klÄ± metin olan eylÃ¼l ayÄ± kredi kartÄ± ekstrem, iyi bir edebi eserden beklediÄŸim her ÅŸeyi veriyor ÅŸÃ¼kÃ¼r.	1	0	0	0
248	soruyu Ã§Ã¶zmek iÃ§in o kadar uÄŸraÅŸ sonuÃ§ 0 Ã§Ä±ksÄ±n... bu senaryo bana bir yerden tanÄ±dÄ±k geliyor diyordum sonradan Ã§Ã¶zdÃ¼m, hayatÄ±mmÄ±ÅŸ.	1	0	0	0
249	susma, haykÄ±r, Ã§amaÅŸÄ±rlar vardÄ±r!	1	1	1	0
250	"ÅaÅŸÄ±rtÄ±cÄ±! 2 yÄ±ldÄ±r sesi soluÄŸu Ã§Ä±kmayan komÅŸumdan, parti gÃ¼rÃ¼ltÃ¼leri geliyor. BaÄŸÄ±ra baÄŸÄ±ra ""sessiz ol"" ÅŸarkÄ±sÄ±nÄ± sÃ¶ylÃ¼yorlar."	1	1	1	0
251	ÅŸiÅŸeyi o mesafeden dÃ¼ÅŸÃ¼nce gÃ¼cÃ¼yle de patlatabilirdi ama onun iÃ§in dÃ¼ÅŸÃ¼nce lazÄ±m tabii.	1	0	0	0
252	Åu taraf duymadÄ±, biraz daha baÄŸÄ±r.	1	0	0	0
253	Tabii ki bu saÃ§ma sapan dÃ¼ÅŸÃ¼ncenize katÄ±lÄ±yorum, akÄ±lsÄ±zÄ±m ya ben	1	0	0	0
254	Tabii ki TÃ¼rkiyeâ€™de demokrasi harika iÅŸliyor.	1	0	0	0
255	tabii o da haklÄ± benim alnÄ±mda enayi yazdÄ±ÄŸÄ±ndan aksini dÃ¼ÅŸÃ¼nmemiÅŸtir.	1	0	0	0
256	Tam anlayacaÄŸÄ±m bir gÃ¼lme geliyor.	1	0	0	0
257	tam hayatlarÄ±mÄ±zÄ± â€œneyse ÅŸunlar bi geÃ§sin de...â€ diye yaÅŸÄ±yor olmamÄ±za dertlenicem diyorum ki neyse ÅŸunlar bi geÃ§sin de...	1	0	0	0
258	TanrÄ±ya ÅŸÃ¼kÃ¼rler olsun ki ateistim!	1	1	1	0
259	TereyaÄŸÄ± bir mermer kadar yumuÅŸak!	1	1	1	0
260	TerÃ¶r Ã¶rgÃ¼tÃ¼ destekleyen biri askerlik yapÄ±yor ne kadar ironik.	1	0	0	1
261	tersine mÃ¼hendislik mi? ben daha dÃ¼zÃ¼nÃ¼ zor yapÄ±yorum	1	0	0	0
262	teyzecim gÃ¼nden dÃ¶nÃ¼yosun belli ben 9 saattir ayakta Ã§alÄ±ÅŸÄ±yorum sadece ne yorulmasÄ± sen otur kÄ±sÄ±r aÄŸÄ±rlÄ±k yapmÄ±ÅŸtÄ±r.	1	0	0	1
263	trt haber bu hareketiyle sanÄ±rÄ±m cumhuriyet bayramÄ±nÄ±n artÄ±k 19 mayÄ±s'ta kutlanacaÄŸÄ±nÄ± duyurmak istemiÅŸ	1	0	0	1
264	tÃ¼m sorularÄ±nÄ±z iÃ§in mesaj atabilirsiniz, ama lÃ¼tfen mesaj atmayÄ±n.	1	0	0	0
265	tÃ¼rkiye'deki turizmin geldiÄŸi noktaya bak, virÃ¼sÃ¼ bile getiremiyoruz.	1	0	0	0
266	UÃ§uÅŸ boyunca n95 ve eldiven takan amca az Ã¶nce kek yemek iÃ§in maskesini Ã§Ä±kardÄ± ve eldivenleri ile kek yedi. SÃ¶yleyeceklerim bu kadar.	1	0	0	1
267	ulan kaÃ§ senedir sokakta gezip gelir bÄ±rak kuÅŸ getirmeyi ufak bÃ¶cek bile getirmedi. hep biz verelim.	1	0	0	0
268	ulan kÄ±ÅŸ geldi hala evde sinek var. inat etmiÅŸ montla uÃ§uyor.	1	0	0	0
269	ulaÅŸÄ±m sorununu biz Ã§Ã¶zdÃ¼k diyen ulaÅŸtÄ±rma bakanÄ± trafik nedeniyle programa geÃ§ kaldÄ±.	1	0	0	1
270	umreden dÃ¶nenleri tebrik etmek lazÄ±m, islamiyeti bu kadar hÄ±zlÄ± yaymadilar.	1	0	0	0
271	Uyku apnesi ilacÄ±mÄ± almak iÃ§in doktora gittiÄŸimde 25 dakika bekletildim ve uyuyakaldÄ±m.	1	0	0	1
272	Uyku tutmayÄ±nca, uyunamadÄ±ÄŸÄ± iÃ§in stres olunup daha da fazla uyuyamamak.	1	0	0	0
273	Uykumu aldÄ±ÄŸÄ±mdan sanÄ±rÄ±m gÃ¶zlerimin haberi yok.	1	0	0	0
274	Ã¼lke olarak eti bayramdan bayrama yediÄŸimizden, diÄŸer Ã¼lkelerden farklÄ± protein yapÄ±mÄ±z olabilir, virÃ¼s tutunacak protein bulamÄ±yordur.	1	0	0	1
275	Vegan bir arkadaÅŸÄ±m sÃ¼rekli deri ceketler giyiyor.	1	0	0	0
276	Vergi borcu var diye linÃ§ edilmeye Ã§alÄ±ÅŸÄ±lan kiÅŸi vergi rekortmeni oluyor.	1	0	0	0
277	Verilik kapÄ± arÄ±yoruz, elinde olan var mÄ±dÄ±r? Boyut ve mekan deÄŸiÅŸtirmelik olursa daha mutlu oluruz.	1	0	0	0
278	Ya erkeklerin Ã¼stÃ¼ne Ã§ok gidiyoruz cidden lÃ¼tfen artÄ±k hiÃ§bir kadÄ±n tacize uÄŸradÄ±ÄŸÄ±nda dile getirmesin ya da Ã¶nlemek/ÅŸikayet etmek iÃ§in bi adÄ±m atmasÄ±n, yazÄ±k Ã§Ã¼nkÃ¼ kÄ±yamam.	1	0	0	0
279	yaÄŸmurlu havada su birikintilerinden hÄ±zlÄ± geÃ§meye devam edin lÃ¼tfen, Ä±slanmaya bayÄ±lÄ±yoruz	1	0	0	0
280	YakÄ±n tarihin en kÃ¶tÃ¼ terÃ¶r Ã¶rgÃ¼tÃ¼ne 49 vatandaÅŸ kaptÄ±rmÄ±ÅŸ kiÅŸi, dÃ¼nya mazlumlarÄ±nÄ±n umudu olmaktan bahsediyor.	1	0	0	1
281	yapmam gereken iÅŸlerin bir listesini yaptÄ±ÄŸÄ±ma gÃ¶re bugÃ¼nkÃ¼ iÅŸlerim bitti.	1	0	0	0
282	yazÄ±n manita ayarlamak bayramda kiralÄ±k araba bulmaktan daha zor, Ã§evreme bakÄ±yorum tÃ¼m kontenjanlar dolmuÅŸ.	1	0	0	0
283	YeÄŸenlerim kedi kÃ¶pek gibi iyi anlaÅŸÄ±rlar.	1	0	0	0
284	yemekhane makarnasÄ± mÄ±? en sevdiÄŸim.	1	0	0	0
285	yeni bir hobi edindim, merak edenler iÃ§in yeni hobim, yeni bir hobi aramak	1	0	0	0
286	Yeni Ã§alÄ±ÅŸmaya baÅŸladÄ±ÄŸÄ±m ofiste dedikodumu yapan Ã§alÄ±ÅŸanlarÄ± patronlarÄ± azarlamÄ±ÅŸ, halbuki Ã§ok iyi insanlardÄ± :(((	1	0	0	0
287	yeni gelen arkadaÅŸlÄ±k isteklerini 14 gÃ¼n karantinada bekleteceÄŸim.	1	0	0	1
288	yok kesin zekidir ama Ã§alÄ±ÅŸmÄ±yordur	1	0	0	0
289	Yoksulluk sÄ±nÄ±rÄ± 4995 TL aÃ§Ä±klanmÄ±ÅŸ. En az 2 Ã§ocuÄŸunuzu dilendirin, milli sermaye Suriye'ye gitmesin iÃ§erde kalsÄ±n.	1	0	0	1
290	yolun ters tarafÄ±ndan Ã¼zerime sÃ¼ren araba sanÄ±rÄ±m kendini kÄ±brÄ±sta sanÄ±yordu.	1	0	0	0
291	YÃ¶netici, mesaiye geÃ§ kalan Ã§alÄ±ÅŸanÄ±na: â€œBravo, her zamanki gibi iÅŸe vaktinden Ã¶nce geldin.â€	1	0	0	0
292	zamanÄ±nda 0.59 tl Ã¶deyerek Ã¶mÃ¼r boyu premium satÄ±n aldÄ±ÄŸÄ±m uygulamanÄ±n ÅŸu anki yÄ±llÄ±k premium Ã¼cretinin 80 tl olmasÄ± aÅŸÄ±rÄ± mutlu ediyor.	1	0	0	1
293	ayak serÃ§e parmaÄŸÄ±mÄ±z bakÄ±p gÃ¼lelim diye mi var yoksa bir yerlere vuralÄ±m diye mi? baÅŸka bir amacÄ± olmadÄ±ÄŸÄ±na eminim ğŸ˜…	1	0	0	0
294	BugÃ¼n iÅŸ yerine gelmem sadece 76 dakika sÃ¼rdÃ¼, iÅŸte Ä°stanbul'u bu yÃ¼zden seviyorum... ğŸ˜ŒğŸ˜ŒğŸ˜ŒğŸ˜ŒğŸ˜Œ	1	0	0	0
295	Denizli diyorlar denizi yok ğŸ¤” ğŸ¤”.	1	0	0	1
296	hobi olarak sabaha karÅŸÄ± 5te yatÄ±p sabah 9da uyanmak en Ã§ok gÃ¶zaltlarÄ±mÄ±n hoÅŸuma gidiyor gibi ğŸ˜	1	0	0	1
297	KÃ¼Ã§Ã¼cÃ¼k ama kÃ¼Ã§Ã¼cÃ¼k bir hata sonucu Ã§alÄ±ÅŸanlarÄ±n maaÅŸlarÄ±nÄ± muhasebecimiz yerine tÃ¼m ÅŸirkete gÃ¶ndermiÅŸim. Harika bir sabah... ğŸ˜…	1	0	0	0
298	Ofisimizin Ã¶nÃ¼ne kocaman bir foseptik Ã§ukuru aÃ§Ä±lmÄ±ÅŸ. Her yer mis gibi kokuyor! ğŸ’©	1	1	1	0
299	Patronumuzun bana emanet ettiÄŸi sÄ±rrÄ± sadece 7 kiÅŸiye anlattÄ±m hepsi bu ğŸ¤ğŸ¤	1	0	0	1
300	Aman tadÄ±mÄ±z kaÃ§masÄ±n. diye diye hiÃ§bir ÅŸeyi tartÄ±ÅŸÄ±p Ã§Ã¶zemez olduk.	0	0	0	0
301	11-17 yaÅŸ grubundaki Ã§ocuklarÄ±n yÃ¼zde 80'i yeterince egzersiz yapmÄ±yor.	0	0	0	1
302	2 saat boyunca kalbi duran Ã§ocuk hayata dÃ¶ndÃ¼.	0	0	0	1
303	28 yaÅŸÄ±ma geldim ama hala harry potterâ€™Ä± izlerken aÄŸlayabiliyorum.	0	0	0	1
304	Abartmak, kÃ¼Ã§Ã¼ltmekten milyarlarca kez daha kÃ¶tÃ¼dÃ¼r!	0	1	1	0
305	ABD'de polisin sert mÃ¼dahalesine maruz kalan siyahi adam Ã§evredekilerin gÃ¶zleri Ã¶nÃ¼nde hayatÄ±nÄ± kaybetti.	0	0	0	0
306	aÃ§Ä±ÄŸa aldÄ±ÄŸÄ±m tayland biletini alÄ±p, ilk uÃ§akla taylanda 20 gÃ¼n tatile gideceÄŸim.	0	0	0	1
307	"adam kalkmÄ±ÅŸ benzinlik ortasÄ±nda pompalÄ±yla 17 yaÅŸÄ±nda bir kÄ±zÄ± Ã¶ldÃ¼rmÃ¼ÅŸ, savunmasÄ± da ""eski sevgilim sandÄ±m"""	0	0	0	1
308	Aksaray'da otizmli Ã§ocuklarÄ±n aileleri konuÅŸtu: Ã‡ocuklarÄ±mÄ±z okula arka kapÄ±dan sokuluyor.	0	0	0	1
309	alarmÄ± sabah 6'ya kurdum, artÄ±k yatmam gerek.	0	0	0	0
310	"alnÄ±ma ""sen kazamazsÄ±n, kazÄ±lÄ± kuyum"" yazdÄ±rmalÄ±k bir ruh halindeyim."	0	0	0	0
311	Anksiyete Ã§oÄŸumuzun hayatÄ±nda var ama gÃ¼Ã§sÃ¼z gÃ¶rÃ¼nme korkusuyla anlatmÄ±yoruz.	0	0	0	0
312	anneme sÄ±kÄ± sÄ±kÄ± sarÄ±lacaÄŸÄ±m.	0	0	0	0
313	Antalya'da hayatÄ±nÄ± kaybeden ailenin evinde siyanÃ¼r bulgusuna rastlandÄ±.	0	0	0	0
314	Antartika'da kara Ã¼zerindeki en derin nokta bulundu.	0	0	0	1
315	Apple'Ä±n Ã§evrimiÃ§i dizi ve film platformu Apple TV plus 100'den fazla Ã¼lkede kullanÄ±ma aÃ§Ä±ldÄ±.	0	0	0	1
316	"arkadaÅŸÄ±mla ""ÅŸehirlerarasÄ± yol kenarÄ±ndan avm'ye yÃ¼rÃ¼rken kahve termosundan bira iÃ§mek"" gibi bir etkinlik Ã¼rettik, ne hissetmeliyiz bilemiyorum."	0	0	0	0
317	arkadaÅŸlar su iÃ§meyi nasÄ±l hatÄ±rlÄ±yorsunuz ben bÃ¶breklerim aÄŸrÄ±yana kadar fark etmiyorum susuz olduÄŸumu	0	0	0	1
318	ArtÄ±k en sevdiÄŸim Ã§ikolatayÄ± Ã¼retmeyi kesmiÅŸler :'(	0	0	0	0
319	"artÄ±k hayal kÄ±rÄ±klÄ±ÄŸÄ±na bile uÄŸramÄ±yorum, ""yine mi, peki."" diyip yoluma devam ediyorum."	0	0	0	0
320	aslÄ±nda sessiz insan yoktur, yanlÄ±ÅŸ ortam vardÄ±r.	0	0	0	0
321	AtlasGlobal uÃ§uÅŸlarÄ± 21 AralÄ±k'ta yeniden baÅŸlÄ±yor	0	0	0	1
322	BaÄŸÄ±mlÄ±lÄ±ÄŸÄ±n kÃ¶keni daima travmaya ve Ã§ocuklukta yaÅŸanan sorunlara dayanÄ±yor.	0	0	0	0
323	BaÄŸÄ±rsak bakterileri kanser tedavisini gÃ¼Ã§lendiriyor.	0	0	0	0
324	bahar alerjimden dolayÄ± gÃ¶zlerim dolmadÄ± arkadaÅŸlar dÃ¼mdÃ¼z aÄŸlÄ±yorum	0	0	0	0
325	bakÄ±yorum ki aramÄ±zda beni Ã§ekemeyen hatta kÄ±skananlar oluÅŸmaya baÅŸlamÄ±ÅŸ, devam bÃ¶yle	0	0	0	0
326	Bale akademisinde Ã¶ÄŸrencilere kilo almamak iÃ§in sigara iÃ§meleri tavsiye edildi.	0	0	0	1
327	Banyoda telefonla konuÅŸan 13 yaÅŸÄ±ndaki kÄ±z Ã§ocuÄŸu elektrik akÄ±mÄ±na kapÄ±ldÄ±, kÄ±sa sÃ¼re hafÄ±zasÄ±nÄ± kaybetti.	0	0	0	1
328	baÅŸkalarÄ±nÄ±n hayatÄ±na burun sokmayÄ± seven ne Ã§ok insan var ÅŸu memlekette.	0	0	0	1
329	BaÅŸkan eminim kuyusunu kazan adama seve seve yardÄ±m edecektir.	0	0	0	0
330	baÅŸladÄ±ÄŸÄ±mÄ±z gibi sinir krizi geÃ§ireceÄŸimizi biliyorum ama arkadaÅŸlarÄ±mla toplanÄ±p vampir-kÃ¶ylÃ¼ oynamayÄ± Ã¶zledim :'(	0	0	0	0
331	BazÄ± bitkisel ilaÃ§lar kanser tedavisine yarardan Ã§ok zarar veriyor.	0	0	0	1
332	BBC'nin seÃ§im haberlerini bilgisayarlar nasÄ±l yazdÄ±?	0	0	0	1
333	BebeÄŸi 3 saat yaÅŸayan anne, 63 gÃ¼n boyunca biriktirdiÄŸi sÃ¼tÃ¼nÃ¼ baÄŸÄ±ÅŸladÄ±.	0	0	0	1
334	BelÃ§ika ordusu zÄ±rh eklettiÄŸi aracÄ±na kÄ±sa boylu ÅŸofÃ¶r bulmak zorunda.	0	0	0	1
335	BelÃ§ika'da yoksul ailelerin Ã§ocuklarÄ± zengin Ã§ocuklardan daha Ã§ok antidepresan ilaÃ§ kullanÄ±yor :(	0	0	0	0
336	BelÃ§ikalÄ± bilim adamlarÄ±, kemoterapisiz kanser tedavisi Ã¼zerinde Ã§alÄ±ÅŸÄ±yorlar.	0	0	0	1
337	belediyeler normalleÅŸme sÃ¼recinde toplu taÅŸÄ±ma kullanÄ±mÄ±nÄ±n azalmasÄ± sonucunda artacak trafiÄŸi rahatlatmak iÃ§in fazladan bisiklet yollarÄ± yapmaya baÅŸladÄ±.	0	0	0	1
338	Ben nerede yanlÄ±ÅŸ yapÄ±yorum acaba ya	0	0	0	0
339	Ben sizin kitaplarÄ±nÄ±zÄ± orta okul yÄ±llarÄ±mda okumaya baÅŸladÄ±m.	0	0	0	1
340	beni floransa'mÄ±n yaÄŸmurlarÄ±nda yÄ±kasÄ±nlar	0	0	0	1
341	Bilim adamlarÄ± buzdolabÄ±nda bir yÄ±l dayanan yeni elma tÃ¼rÃ¼ keÅŸfettiler.	0	0	0	0
342	Bilim insanlarÄ± ÅŸu uyku illetine bir Ã§Ã¶zÃ¼m bulun artÄ±k.	0	0	0	0
343	BiliminsanlarÄ± pek Ã§ok Ã¼lkedeki korona salgÄ±nÄ± rakamlarÄ±nÄ± toplayarak bir bilgisayar modellemesi geliÅŸtirdi.	0	0	0	1
344	bir kadÄ±n anne olmak istemedi diye neden linÃ§ edilir kafam almÄ±yor.	0	0	0	0
345	bir karavan alÄ±p, yavaÅŸ, Ã§ok yavaÅŸ bir ÅŸekilde tÃ¼m dÃ¼nyayÄ± gezmek istiyorum	0	0	0	0
346	Bir ÅŸehire daha maske takma zorunluluÄŸu getirildi.	0	0	0	0
347	Bir yÄ±ldan uzun sÃ¼redir Marsâ€™ta gÃ¶rev yapan InSight, bulunduÄŸu bÃ¶lgede daha Ã¶nceleri tahmin edilenden on kat daha bÃ¼yÃ¼k manyetik alan tespit etti.	0	0	0	1
348	biraz Ã¶nce reklam verdi, reklam bittiÄŸi gibi dizi baÅŸladÄ± ve tekrar reklam verdi, Ã§ok saÃ§maydÄ±.	0	0	0	0
349	BirinciliÄŸi son saniyelerde kaÃ§Ä±rÄ±nca Ã¼zÃ¼ntÃ¼den mahvoldu.	0	0	0	0
350	BoÅŸ yapÄ±lan arkadaÅŸ grubu aÅŸÄ±rÄ± Ã¶zlenmiÅŸsin	0	0	0	1
351	boÅŸa harcanan paralara Ã§ok Ã¼zÃ¼lÃ¼yorum.	0	0	0	0
352	boÅŸanma davalarÄ±nÄ±n sonucu olarak verilen nafakalar hakkÄ±nda ne dÃ¼ÅŸÃ¼nÃ¼yorsunuz, tartÄ±ÅŸalÄ±m mÄ±?	0	0	0	0
353	bÃ¶yle olmuyor, ben arkadaÅŸlarÄ±ma buluÅŸma sÃ¶zÃ¼ verip bir gÃ¼n Ã¶ncesinde dandik bir bahaneyle iptal etmeyi Ã¶zledim	0	0	0	0
354	bu 134 bÃ¶lÃ¼mlÃ¼k diziyi 7. kez bitirdim.	0	0	0	1
355	Bu dÃ¶nem okul hiÃ§ bitmeyecek gibi hissettiriyor.	0	0	0	1
356	Bu hafta teslim etmem gereken 7 Ã¶devim, girmem gereken 2 quizim var. Ne yapmam gerektiÄŸini bilmiyorum Â¯\_(ãƒ„)_/Â¯	0	0	0	1
357	bu video'dan sonra coca-cola'nÄ±n dÃ¼nya borsalarÄ±nda dip yapmasÄ± kaÃ§Ä±nÄ±lmaz olacaktÄ±r.	0	0	0	1
358	bugÃ¼n de dÃ¼nyaya karÅŸÄ± umutsuz uyandÄ±m	0	0	0	0
359	"bulduÄŸum ilk terasa Ã§Ä±kÄ±p ""ARTIK Ã‡OK YORULDUM ANLIYOR MUSUNUZ???"" diye baÄŸÄ±rmak istiyorum"	0	0	0	0
360	bunu ciddiye alÄ±p uzun uzun yazanlardan daha zekidir, o kesin.	0	0	0	0
361	Bursa bu mevsimde soÄŸuktur.	0	0	0	0
362	bÃ¼yÃ¼k bir aksilik olmazsa yarÄ±n bu saatlerde biri kÄ±z biri erkek olmak Ã¼zere iki tane bÄ±cÄ±rÄ±ÄŸÄ±n dayÄ±sÄ± olacaÄŸÄ±m.	0	0	0	0
363	BÃ¼yÃ¼kÅŸehir, kar yaÄŸÄ±ÅŸÄ±nÄ±n hayatÄ± olumsuz etkilememesi iÃ§in hemen iÅŸe koyuldu.	0	0	0	0
364	canÄ±m deli gibi patlamÄ±ÅŸ mÄ±sÄ±r Ã§ekiyor	0	0	0	0
365	CanÄ±m korkunÃ§ derecede tantuni Ã§ekiyor.	0	0	0	0
366	canÄ±m sÄ±kÄ±lÄ±yor, ayrÄ±ca canÄ±m da sÄ±kkÄ±n :(((	0	0	0	0
367	canÄ±m ÅŸehrim, Ã¶zlemiÅŸim insanÄ±nÄ±.	0	0	0	0
368	cd koleksiyonuma bakÄ±p bunlarÄ± Ã§alacak bir sistemim yok diye Ã¼zÃ¼lÃ¼yorum dÃ¼zenli olarak :'(	0	0	0	1
369	Charles Darwin'in evrim teorisi tam 160 yaÅŸÄ±na bastÄ±.	0	0	0	1
370	Cumhuriyet 1923 yÄ±lÄ±nda kuruldu.	0	0	0	1
371	Ã‡alÄ±ÅŸanlara iÅŸ yerinde uyku izni verilmeli mi?	0	0	0	0
372	Ã§alÄ±ÅŸmaktan nefret ediyorum.	0	0	0	0
373	Ã‡in'de mobil internet kullanÄ±cÄ±larÄ±na yÃ¼z tarama zorunluluÄŸu getiriliyor.	0	0	0	1
374	Ã‡in'de Ã¶ÄŸrencilere beyin dalgalarÄ±nÄ± Ã¶lÃ§en cihaz taktÄ±ran ilkokul, ailelerin ÅŸikÃ¢yetiyle uygulamaya son verdi.	0	0	0	0
375	Ã‡ok kinci bir insanÄ±m.	0	0	0	0
376	DaÄŸda yÃ¼rÃ¼yÃ¼ÅŸ yaparken kalbi durdu, 6 saat sonra hastanede hayata dÃ¶ndÃ¼rÃ¼ldÃ¼.	0	0	0	1
377	dedeme lÃ¼ks gÃ¶zlÃ¼k aldÄ±k, ÅŸurada kaÃ§ yÄ±lÄ±m kaldÄ± paraya yazÄ±k etmiÅŸsiniz diye kÄ±zdÄ± bize.	0	0	0	0
378	Demokratik Kongo'daki madenci Ã¶lÃ¼mleri nedeniyle teknoloji devlerine dava aÃ§Ä±ldÄ±.	0	0	0	1
379	Depremleri, felaketleri, hÄ±rsÄ±zlÄ±klarÄ± umarÄ±m unutmamÄ±ÅŸÄ±zdÄ±r...	0	0	0	0
380	Derste Ã¶rnek verilirken sizin isminiz kullanÄ±lÄ±nca siz de mutlu olmuyor musunuz?	0	0	0	1
381	DiyarbakÄ±r'da sÄ±caklÄ±klar tam 45Â°C'yi gÃ¶rmÃ¼ÅŸ :O	0	0	0	1
382	doÄŸum gÃ¼nÃ¼mÃ¼ kutlamayÄ± sevmiyorum.	0	0	0	0
383	dÃ¼ÄŸÃ¼n istemiyorum Ã§Ã¼nkÃ¼ hayatÄ±mÄ±n en gÃ¼zel anlarÄ±nÄ± tanÄ±madÄ±ÄŸÄ±m yÃ¼zlerce insanla deÄŸil en sevdiÄŸim insanlarla kutlamak istiyorum	0	0	0	1
384	DÃ¼n geceden beri TÃ¼rkiye'deki mÃ¼lteciler gÃ¼vensiz koÅŸullarda Yunanistan'a geÃ§meye Ã§alÄ±ÅŸÄ±yor.	0	0	0	0
385	DÃ¼nya Ã§apÄ±nda birÃ§ok Ã¼lkede de arka arkaya ekonomik Ã¶nlem ve destek paketleri aÃ§Ä±klanÄ±yor.	0	0	0	0
386	DÃ¼nya SaÄŸlÄ±k Ã–rgÃ¼tÃ¼'nÃ¼n 24 saat ortalamasÄ± iÃ§in belirlediÄŸi sÄ±nÄ±r 25 mikrogram.	0	0	0	1
387	DÃ¼nya'yÄ± daha yaÅŸanÄ±lÄ±r kÄ±lmak iÃ§in neler yapabilirsiniz?	0	0	0	0
388	DÃ¼nyada ÅŸeker tÃ¼ketimi neden arttÄ±, ne tÃ¼r Ã¶nlemler alÄ±nabilir?	0	0	0	0
389	dÃ¼nyadaki en iÄŸrenÃ§ insan sen olmayabilirsin belki ama benim iÃ§in kesinlikle Ã¶ylesin.	0	0	0	0
390	DÃ¼nyanÄ±n ilk HIV-pozitif sperm bankasÄ± Yeni Zelanda'da aÃ§Ä±ldÄ±.	0	0	0	1
391	eÄŸer evinizde operatÃ¶rÃ¼nÃ¼z Ã§ekmiyorsa, wi-fi aramalarÄ±nÄ± etkinleÅŸtirerek cama yapÄ±ÅŸmadan telefonla konuÅŸabilirsiniz :)	0	0	0	1
392	Elleri yÄ±kamak, hapÅŸururken aÄŸzÄ± kapatmak, dÄ±ÅŸarda her yere dokunmamak gibi normal insan davranÄ±ÅŸlarÄ±nÄ± benimsememiz iÃ§in dÃ¼nyayÄ± bi virÃ¼sÃ¼n kasÄ±p kavurmasÄ± lazÄ±mmÄ±ÅŸ.	0	0	0	1
393	Elon Musk, Tesla'nÄ±n yeni pick-up modelini tanÄ±ttÄ±.	0	0	0	1
394	En kÄ±sa gÃ¼n tarih boyunca neden ve nasÄ±l kutlandÄ±?	0	0	0	1
395	en Ã¶nemli olan ÅŸey kiÅŸinin ne istediÄŸine karar vermesi.	0	0	0	0
396	en sevdiÄŸiniz uÃ§lu kalem markalarÄ± neler? yeni uÃ§lu kalem almam gerek. 	0	0	0	0
397	Eski Galatasaray'lÄ± Wesley Sneijder futbolu bÄ±raktÄ±.	0	0	0	1
398	EskiÅŸehirâ€™de inecek olan bu kadÄ±n, vagonun en arkasÄ±ndaydÄ± az Ã¶nce.	0	0	0	0
399	Eurovision bu yÄ±l iptal edilmiÅŸ.	0	0	0	1
400	eurovision'u kazanalÄ± 17 yÄ±l olmuÅŸ, hÃ¼zÃ¼nlendimâ€¦	0	0	0	1
401	Facebook yeni logosunu tanÄ±ttÄ±.	0	0	0	1
402	FelÃ§li hasta zihniyle kol ve bacaklarÄ±nÄ± hareket ettirdi.	0	0	0	0
403	fiskenin kÃ¶keni pontus rumcasÄ±na dayanÄ±yor olup, parmak uÃ§larÄ± ile yapÄ±lan hafif vuruÅŸ anlamÄ±na gelir.	0	0	0	1
404	fotoÄŸraf bastÄ±rmak iÃ§in fotoÄŸraf seÃ§meye Ã§alÄ±ÅŸtÄ±ÄŸÄ±mda 50 fotoÄŸraftan aza indiremiyorum asla! o kadar param yok...	0	1	1	1
405	Galatasaray FenerbahÃ§e ile berabere kaldÄ±.	0	0	0	0
406	"gece 11'de kapÄ±m Ã§aldÄ±, korkarak kapÄ±yÄ± aÃ§tÄ±m, 2 bekÃ§i gelmiÅŸ ""Ã§amaÅŸÄ±rlarÄ± toplayÄ±n, yaÄŸmur yaÄŸÄ±yor Ä±slanmasÄ±n"" dediler. sÃ¶zÃ¼n bittiÄŸi yerdeyim."	0	0	0	0
407	Gece kabus gÃ¶rmek, gÃ¼ndÃ¼z korkularla baÅŸa Ã§Ä±kmakta faydalÄ± olabilir.	0	0	0	0
408	geÃ§en hafta 41 dereceydi diye bu hafta ÅŸortla dÄ±ÅŸarÄ± Ã§Ä±ktÄ±m ama hava 19 dereceymiÅŸ.	0	0	0	1
409	"geÃ§enlerde ped alÄ±rken yaÅŸadÄ±klarÄ±nÄ± anlatan kadÄ±nlar yalancÄ±lÄ±kla suÃ§lanÄ±p linÃ§ ediliyordu, ben de gÃ¶rdÃ¼m ÅŸimdi ""siyah poÅŸet alÄ±nÄ±z"" yazÄ±sÄ±nÄ±."	0	0	0	1
410	genÃ§liÄŸimden zerre keyif almÄ±yorum	0	0	0	1
411	Gezi davasÄ±ndaki tÃ¼m sanÄ±klara beraat kararÄ± Ã§Ä±ktÄ±.	0	0	0	0
412	GÄ±da paketlerine kalorileri yakmak iÃ§in gereken 'egzersiz miktarlarÄ±' yazÄ±lmalÄ±.	0	0	0	0
413	GirdiÄŸin sÄ±navÄ± kazandÄ±ÄŸÄ±nÄ± ve istediÄŸin okulda okuduÄŸunu bir dÃ¼ÅŸÃ¼n.	0	0	0	0
414	Google iki yÄ±lda 2 milyar dolardan fazla ceza Ã¶dedi.	0	0	0	1
415	Google'Ä±n Kanada'da kurmak istediÄŸi akÄ±llÄ± kente yeÅŸil Ä±ÅŸÄ±k verildi.	0	0	0	0
416	Google'Ä±n TÃ¼rkiye'de yeni Ã§Ä±kacak Android cihazlarla ilgili kararÄ± ne anlama geliyor?	0	0	0	1
417	gÃ¼nde iki kez telefonu ÅŸarj edecek kadar telefona kilitleniyorum.	0	0	0	1
418	GÃ¼zelim tatil hayaliniz nasÄ±l mahvedilir? Tabi ki annenizin temizlik maceralarÄ± ile	0	0	0	0
419	Hafta sonu meteor yaÄŸmurlarÄ± gÃ¶zlemlenebilecek.	0	0	0	1
420	Hani bu en gÃ¼zel yÄ±ldÄ±?	0	0	0	0
421	Hani radyoda Ã§ok sevdiÄŸin bir ÅŸarkÄ±ya denk gelir sevinirsin de tam sesini aÃ§tÄ±ÄŸÄ±nda ÅŸarkÄ± biter ya.	0	0	0	0
422	Hastanede yerde yatan Ã§ocuÄŸun fotoÄŸrafÄ±na bakmayan Ä°ngiltere BaÅŸbakanÄ± Johnson'a eleÅŸtiri yaÄŸmuru geldi.	0	0	0	1
423	havada huzur veren bir aydÄ±nlÄ±k var.	0	0	0	0
424	HavaÅŸ'ta Ã¶nÃ¼ndeki amca yanÄ±ndaki rastgele kiÅŸiye pÃ¼rel ikram etti, canÄ±m halkÄ±m :)	0	0	0	0
425	hayatta en bÃ¼yÃ¼k eÄŸlence, baÅŸkalarÄ±nÄ±n yapamazsÄ±n dediÄŸini yapmaktÄ±r.	0	0	0	0
426	hayvanat bahÃ§elerini tam olarak ne zaman kapatÄ±rÄ±z sizce, bunun vahÅŸet olduÄŸunu ne zaman kabul edeceÄŸiz?	0	0	0	0
427	Hem arz hem talep tarafÄ±ndan baskÄ± altÄ±nda olan petrol fiyatlarÄ±, son 18 yÄ±lÄ±n en dÃ¼ÅŸÃ¼k seviyelerine geriledi.	0	0	0	1
428	her gÃ¼n aynÄ± sabaha uyanÄ±r gibi ve sadece tek bir gÃ¼nÃ¼ yaÅŸÄ±yor gibi hissediyorum.	0	0	0	0
429	herkes instagramÄ± kapatmaktan bahsediyorken hazÄ±r belirteyim, kapatÄ±nca Ã¶yle aydÄ±nlanma, bakÄ±ÅŸ aÃ§Ä±sÄ±nÄ± deÄŸiÅŸtirme gibi bir ÅŸey olmuyor.	0	0	0	0
430	Instagram estetik operasyon filtrelerini kaldÄ±rÄ±yor.	0	0	0	1
431	"iÃ§imdeki ankaralÄ±ya "" bi sus la "" diye baÄŸÄ±rmak suretiyle aspava hayallerimi susturuyorum..."	0	0	0	0
432	Ä°HA kullanÄ±cÄ±sÄ±nÄ±n yerini tespit edecek telefon uygulamasÄ± geliÅŸtirildi.	0	0	0	1
433	ik olarak Ã§alÄ±ÅŸtÄ±ÄŸÄ±m ÅŸirkette biri arayÄ±p Ã§alÄ±ÅŸanlardan birinin maaÅŸÄ±nÄ± sordu, meÄŸersem kÄ±z vereceklermiÅŸ, kÄ±zÄ±n babasÄ± arÄ±yormuÅŸ.	0	0	0	0
434	Ä°klim krizi Ã§alÄ±ÅŸma grubumuz ilk toplantÄ±sÄ±nÄ± gerÃ§ekleÅŸtirdi. KapÄ±mÄ±za dayanan iklim krizinin halkÄ±mÄ±za anlatÄ±labilmesi iÃ§in neler yapÄ±labileceÄŸi konuÅŸuldu.	0	0	0	0
435	Ä°ngiltere'de Brexit yasa tasarÄ±sÄ± Avam KamarasÄ±'nda ilk engeli aÅŸtÄ±.	0	0	0	0
436	insan bilgisayar mÃ¼hendsiliÄŸinde okuduÄŸunu hocalarÄ±n ders iptal etmek yerine 5 dkda online ders vermeye geÃ§ebilmesinden anlÄ±yor	0	0	0	1
437	insan bÃ¼yÃ¼dÃ¼ÄŸÃ¼nÃ¼ araba yarÄ±ÅŸÄ± oyunlarÄ±nda viraj alÄ±rken gazÄ± bÄ±rakÄ±nca anlÄ±yor	0	0	0	1
438	insan eserleriyle Ã¶vÃ¼nmeli satÄ±n aldÄ±klarÄ±yla deÄŸil.	0	0	0	0
439	insan, olmasÄ± gereken o ya da deÄŸil, deÄŸiÅŸime direniyor.	0	0	0	0
440	Ä°nsanlar benim gÃ¶zÃ¼mde ikiye ayrÄ±lÄ±yor: kahve baÄŸÄ±mlÄ±larÄ± ve Ã§ay baÄŸÄ±mlÄ±larÄ±.	0	0	0	0
441	insanlarÄ±n hep ilk tanÄ±ÅŸtÄ±ÄŸÄ±m zamanki hallerini Ã¶zlÃ¼yorum.	0	0	0	0
442	insanlarla iletiÅŸim kurmak iyice zorlaÅŸtÄ± mÄ±, yoksa ben mi kaybediyorum iletiÅŸim yeteneÄŸimi?	0	0	0	0
443	Ä°nsanlÄ±ÄŸÄ±n sonunu getirebilecek varoluÅŸsal riskler neler?	0	0	0	1
444	internetin Ã¶nerdiÄŸi her ÅŸeyi yaptÄ±m ama mide bulantÄ±m hala geÃ§medi	0	0	0	0
445	Ä°nternette viral olan Tom Cruise Deepfake videosu neden Ã¼rkÃ¼tÃ¼cÃ¼?	0	0	0	1
446	Ä°roni tespiti iÃ§in veri formu dolduran da ne bileyim...	0	0	0	1
447	Ä°stanbul ve Ä°zmir dahil bazÄ± kentlerde su baskÄ±nÄ± riski arttÄ±.	0	0	0	0
448	istanbul'da Ã¶zel bir Ã¼niversitede gÃ¼venlik personeli olarak Ã§alÄ±ÅŸÄ±yorum.	0	0	0	0
449	istanbulâ€™da saf alkol tÃ¼keten 20 kiÅŸi hayatÄ±nÄ± kaybetti.	0	0	0	1
450	iÅŸim gereÄŸi potansiyel 450 civarÄ± farklÄ± insanla aynÄ± ortamda bulunacaÄŸÄ±m.	0	0	0	1
451	Ä°zlanda bÃ¼yÃ¼meyi deÄŸil, insanÄ± Ã¶nceleyen 'mutluluk ekonomisine' geÃ§iyor.	0	0	0	0
452	izlediÄŸim en iyi animasyon filmi.	0	0	0	1
453	Japonya nasÄ±l bu kadar temiz bir Ã¼lke olabiliyor?	0	0	0	1
454	Japonya'da kadÄ±n gazeteci tecavÃ¼zle suÃ§ladÄ±ÄŸÄ± Ã¼nlÃ¼ isme karÅŸÄ± aÃ§tÄ±ÄŸÄ± davayÄ± kazandÄ±.	0	0	0	1
455	Jean-FranÃ§ois Millet'nin 'BaÅŸak Toplayan KadÄ±nlar' adlÄ± eseri tuval Ã¼zerine yaÄŸlÄ± boya ile yapÄ±lmÄ±ÅŸtÄ±r ve gÃ¼nÃ¼mÃ¼zde Paris'deki Orsay MÃ¼zesinde sergilenmektedir.	0	0	0	1
456	Kalp nakli ile hayata tutunan Ã§ift, evlendi.	0	0	0	1
457	Kanal Ä°stanbul projesinin Ã§evreye korkunÃ§ zararlar vereceÄŸi dÃ¼ÅŸÃ¼nÃ¼lÃ¼yor.	0	0	0	0
458	kaplumbaÄŸa olsam biri gelir ters Ã§evirir.	0	0	0	0
459	Kar yaÄŸsa da kartopu oynasak.	0	0	0	0
460	KaraciÄŸer iÃ§in faydalÄ± besinler hangileri?	0	0	0	1
461	KaranlÄ±k enerjinin gizemini Ã§Ã¶zmek iÃ§in 5 bin mini teleskopla 35 milyon galaksi incelenecek.	0	0	0	1
462	KaygÄ±, duygusal rezervlerin ziyan edilmesidir.	0	0	0	0
463	kediyi ve kÃ¶peÄŸi sevmek hayvanseverlik deÄŸildir, hayvanseÃ§erliktir, tÃ¼rcÃ¼lÃ¼ktÃ¼r!	0	1	1	0
464	kendimi kÃ¶ÅŸeye sÄ±kÄ±ÅŸmÄ±ÅŸ hissediyorum.	0	0	0	0
465	KenyalÄ± atlet Eliud Kipchoge, maratonu 2 saatin altÄ±nda koÅŸan ilk sporcu olarak tarihe geÃ§ti.	0	0	0	1
466	KÄ±rmÄ±zÄ± tuÄŸladan cephesi ve kuleleriyle dÃ¶nemin mimarisini hatÄ±rlatÄ±yor.	0	0	0	0
467	kimseye bir ÅŸey aÃ§Ä±klayacak hal ve heves kalmadÄ±, aynen diyip geÃ§iyorum.	0	0	0	0
468	KitapÃ§Ä±dan aldÄ±ÄŸÄ±m dergileri okuyor, arÅŸivime kaldÄ±rÄ±yorum.	0	0	0	0
469	Klavyem geceleri Ã§ok ses Ã§Ä±karÄ±yor diye annem uyanÄ±yor.	0	0	0	0
470	Komplo teorilerine inanmak ile akÄ±l saÄŸlÄ±ÄŸÄ± arasÄ±nda bir baÄŸlantÄ± var mÄ±?	0	0	0	1
471	Korkunca neden Ã§Ä±ÄŸlÄ±k atÄ±yoruz acaba?	0	0	0	0
472	kÃ¼Ã§Ã¼k Ã§ocuÄŸu var diye her ÅŸeyde Ã¶ncelikli olduÄŸunu dÃ¼ÅŸÃ¼nen aileler beni delirtiyor, sÄ±ra beklemeni engelleyen ne, Ã§ocuÄŸun gayet sakin duruyor kimi kandÄ±rÄ±yorsun?	0	0	0	0
473	"kÃ¼Ã§Ã¼kken bir Ã§ocuk beni ""allah galatasaraylÄ±"" diye kandÄ±rmÄ±ÅŸtÄ±, Ã§ok Ã¼zÃ¼lmÃ¼ÅŸtÃ¼m ben de ""olsun atatÃ¼rk fenerbahÃ§eli"" demiÅŸtim :("	0	0	0	0
474	kÃ¼tÃ¼phanede bir yÃ¼zÃ¼k buldum, alyansa benziyor bir deneyeyim dedim fakat ÅŸu an Ã§Ä±karamÄ±yorum	0	0	0	0
475	Lifli gÄ±da tÃ¼ketmek abartÄ±lÄ±yor bence, hiÃ§ yararÄ±nÄ± gÃ¶rmedim.	0	0	0	0
476	Macar insanlarÄ± doÄŸanÄ±n 5. kuvvetini bulduklarÄ±nÄ± Ã¶ne sÃ¼rdÃ¼.	0	0	0	1
477	Mahkeme Filistinlerin 2014'ten bu yana yaptÄ±ÄŸÄ± bazÄ± ÅŸikayetleri inceliyordu.	0	0	0	1
478	Mahsur kalan Ä°ranlÄ± ÅŸofÃ¶r iÃ§in para toplanÄ±p, yeni tÄ±r alÄ±ndÄ±.	0	0	0	1
479	makale yazÄ±yorum, aynÄ± zamanda hazÄ±rlanmam gereken birkaÃ§ sÄ±nav var.	0	0	0	0
480	markete gitmeye aÅŸÄ±rÄ± Ã¼ÅŸeniyorum	0	0	0	1
481	Meme kanseri riskini yÃ¼zde 50 azaltan ilacÄ±n olumlu etkisi yÄ±llarca sÃ¼rÃ¼yor.	0	0	0	1
482	Merkez bankasÄ± faizleri 200 baz puan daha dÃ¼ÅŸÃ¼rdÃ¼.	0	0	0	1
483	mevsim geÃ§iÅŸlerinde hasta olmak tamam da zatÃ¼rre olmak nedir :'( 	0	0	0	0
484	Michigan Ãœniversitesinde Ã§alÄ±ÅŸan bir grup araÅŸtÄ±rmacÄ± uzuvlarÄ±nÄ± kaybeden insanlarÄ±n (amputelerin) yapmak istedikleri hareketleri dÃ¼ÅŸÃ¼nerek kontrol edebildiÄŸi bir robot el geliÅŸtirdi.	0	0	0	1
485	Microsoft'tan yÃ¼zlerce yÄ±l dayanabilecek veri depolama teknolojisi, Project Silica, tanÄ±tÄ±ldÄ±.	0	0	0	1
486	migros, Ã§alÄ±ÅŸanlarÄ±na maske ve eldiven kullanmayÄ± yasaklamÄ±ÅŸ.	0	0	0	0
487	Migros'ta Ã§alÄ±ÅŸanlara maske ve eldiven yasaÄŸÄ± geldi.	0	0	0	0
488	Mikrop kapmamak iÃ§in uÃ§aÄŸÄ±n neresinde oturmalÄ±?	0	0	0	1
489	Modern insanÄ±n atalarÄ± Botsvana'dan yayÄ±ldÄ±.	0	0	0	1
490	Motorola, katlanan telefonu Razr'Ä±n yeni versiyonunu Ã§Ä±kartÄ±yor.	0	0	0	1
491	myers-briggs tip gÃ¶stergesi (mbti) entel ÅŸahsÄ±n astrolojisidir	0	0	0	1
492	New York bekaret testini yasaklamayÄ± gÃ¼ndemine aldÄ±.	0	0	0	1
493	Normalde enerjik olan insanlarÄ± biraz bile suskun gÃ¶rÃ¼nce ne oldu diye darlamak bitsin artÄ±k ya	0	0	0	1
494	Oda 20 derece de olsa, 5 derece de olsa bu oda sÄ±caklÄ±ÄŸÄ±dÄ±r...	0	0	0	1
495	OdamÄ±za gelip dolabÄ±n iÃ§inden bÃ¼tÃ¼n bir kangal sucuÄŸu (Ã§)alan hocam, belki karnÄ±n aÃ§tÄ± ama haber etsen zaten paylaÅŸÄ±rÄ±z yemeÄŸimizi, bÃ¶yle tatsÄ±z olmadÄ± mÄ± sence de?	0	0	0	1
496	ODTÃœ'nÃ¼n akademik arÅŸivi eriÅŸime aÃ§Ä±ldÄ±.	0	0	0	1
497	Ortaokul defterlerimi buldum, yazÄ±ma bakÄ±nca midem bulandÄ±, ne Ã§irkin yazÄ±yormuÅŸum! 	0	1	1	0
498	Pakistan'da HIV virÃ¼sÃ¼ Ã§ocuklar arasÄ±nda neden yayÄ±lÄ±yor?	0	0	0	1
499	param yokken Ã§ok sinirleniyorum	0	0	0	1
500	Pardon, gÃ¼naydÄ±nlaÅŸmÄ±ÅŸ mÄ±ydÄ±k?	0	0	0	0
501	parmaÄŸÄ±nÄ±za yÃ¼zÃ¼k sÄ±kÄ±ÅŸÄ±rsa hastaneye deÄŸil, itfaiyeye gidiniz.	0	0	0	0
502	peluÅŸ oyuncaklara bayÄ±lÄ±yorum, bana daha Ã§ok huzur veren bir ÅŸey gÃ¶rmedim.	0	0	0	0
503	Pentagon'un 10 milyar dolarlÄ±k ihalesini Microsoft kazandÄ±, rakip Amazon 'Teklifler ayrÄ±ntÄ±lÄ± incelenseydi farklÄ± sonuÃ§ Ã§Ä±kardÄ±' dedi.	0	0	0	1
504	Peru'da iki McDonald's Ã§alÄ±ÅŸanÄ± elektrik Ã§arpmasÄ± sonucu Ã¶ldÃ¼, tÃ¼m ÅŸubeler yas iÃ§in 2 gÃ¼n kapatÄ±ldÄ±.	0	0	0	1
505	Petrol fiyatlarÄ±ndaki dÃ¼ÅŸÃ¼ÅŸe paralel olarak TÃ¼rkiye'de akaryakÄ±t indirimleri devam ediyor.	0	0	0	1
506	pizza devri geÃ§ti sanÄ±rÄ±m, aÅŸaÄŸÄ± yukarÄ± hepsinin iÃ§i boÅŸ ve kÃ¼Ã§Ã¼k boy pizza boyutunda ama Ã§ok pahalÄ±lar, Ã¼zÃ¼lÃ¼yorum.	0	0	0	0
507	Plastik kirliliÄŸi yarÄ±m milyon keÅŸiÅŸ yengecini Ã¶ldÃ¼rdÃ¼.	0	0	0	1
508	Rabia Naz'Ä±n Ã¶lÃ¼mÃ¼nÃ¼ araÅŸtÄ±ran TBMM AraÅŸtÄ±rma Komisyonu sayesinde dosyadaki gizlilik kararÄ± kalktÄ±	0	0	0	1
509	Rafael Nadal, ABD AÃ§Ä±k Tenis TurnuvasÄ±'nda rakibi Medvedev'i yenerek ÅŸampiyon oldu.	0	0	0	1
510	rakip okula kendi okulumun polarÄ±nÄ± giyerek giriyorum bana ÅŸans dileyin	0	0	0	1
511	Rapor, bu sistemlerin en bÃ¼yÃ¼k artÄ±ÅŸÄ± orantÄ±sal olarak gÃ¼venlik, ulusal gÃ¼venlik ve akÄ±llÄ± tabela uygulamalarÄ±nda gÃ¶stereceÄŸini Ã¶ngÃ¶rÃ¼yor.	0	0	0	1
512	Rusya tÃ¼m bÃ¼yÃ¼k spor etkinliklerinden men edilme riskiyle karÅŸÄ± karÅŸÄ±ya.	0	0	0	1
513	Rusya ve Ã‡in, Suriye'ye sÄ±nÄ±r Ã¶tesi yardÄ±mlarÄ± veto etti.	0	0	0	0
514	rÃ¼yamda 3-4 kedi sahiplenmiÅŸtik, sabah uyanÄ±p kedi rÃ¼ya tabirlerine bakana kadar keyfim yerindeydi.	0	0	0	0
515	sabahÄ±n kÃ¶rÃ¼nde ayakta uyuyarak yaptÄ±ÄŸÄ±m sunumda doÄŸal olarak hocanÄ±n sorusuna cevap veremedim :(	0	0	0	0
516	SaÄŸlÄ±k bakanÄ±nÄ±n 'Ispanaktan deÄŸil yabani otlardan kaynaklanÄ±yor' dediÄŸi besin zehirlenmeleri ile ilgili neler biliniyor?	0	0	0	1
517	SaÄŸlÄ±klÄ± bir yaÅŸamÄ±n yolunun iyi uykudan geÃ§tiÄŸi sÃ¶yleniyor.	0	0	0	0
518	Sahnede hidrojen peroksidin ayrÄ±ÅŸmasÄ± deneyini yapan biyokimyager ABD gÃ¼zeli seÃ§ildi.	0	0	0	1
519	SakÄ±zdaki diÅŸ izleriyle, 5 bin 700 yÄ±l Ã¶nce yaÅŸamÄ±ÅŸ olan kadÄ±nÄ±n genetik ÅŸifresi Ã§Ã¶zÃ¼ldÃ¼.	0	0	0	1
520	salgÄ±nÄ±n en bÃ¼yÃ¼k artÄ±sÄ± herkesin sapÄ±k gibi uzun uzun el yÄ±kamaya baÅŸlamasÄ± oldu sanÄ±rÄ±m, gÃ¶rdÃ¼kÃ§e mutlu oluyorum.	0	0	0	0
521	Samsung YÃ¶netim Kurulu BaÅŸkanÄ±'na sendikal faaliyetleri engellemesi sebebiyle 1,5 yÄ±l hapis cezasÄ± verildi.	0	0	0	1
522	SendikalarÄ±n asgari Ã¼cret talebi belli oldu.	0	0	0	0
523	sÄ±kÄ±ldÄ±m, daraldÄ±m, bunaldÄ±m...	0	0	0	0
524	SÄ±navdan hemen Ã¶nce bÃ¶lÃ¼mÃ¼n tÃ¼m tuvaletlerinde sÄ±ra olmasÄ±nÄ±n hÃ¼znÃ¼ :(	0	0	0	0
525	Sineklikler kedilere asla dayanmÄ±yor.	0	0	0	0
526	Sonunda pilav yapmayÄ± Ã¶ÄŸrendim.	0	0	0	0
527	sorumluluklarÄ±mÄ± yerine getirmek iÃ§in zorunluluk olmalarÄ±nÄ± bekliyorum.	0	0	0	0
528	sosyal medya bana hiÃ§ yaramÄ±yor.	0	0	0	0
529	soyut dÃ¼ÅŸÃ¼nmek yazÄ±yla birlikte insan hayatÄ±na giren bir durumdur.	0	0	0	0
530	spacex, uluslararasÄ± uzay istasyonuna astronot gÃ¶nderen ilk Ã¶zel ÅŸirket olacak.	0	0	0	1
531	Sporcular performanslarÄ±nÄ± kÃ¶tÃ¼ etkileyecek yemeklerden uzak durmalÄ±dÄ±r.	0	0	0	1
532	Åehir hastanelerinde bugÃ¼ne kadar ne kadar harcama yapÄ±ldÄ±, saÄŸlÄ±k hizmetlerine etkisi ne oldu?	0	0	0	0
533	tabii genÃ§ler bilmez, biz saatimiz bipleyince sms geldi zannederdik.	0	0	0	1
534	Tesla CEO'su Musk, 'cam skandalÄ±na' raÄŸmen Cybertruck iÃ§in 200 bin sipariÅŸ aldÄ±ÄŸÄ±nÄ± aÃ§Ä±kladÄ±.	0	0	0	1
535	Trump bir an Ã¶nce senatoda yargÄ±lanmak istiyor.	0	0	0	0
536	TÃ¼rk dizileri kadÄ±na ÅŸiddet iÃ§erdiÄŸi iÃ§in eleÅŸtiriliyor.	0	0	0	0
537	tÃ¼rkiye, evlatlarÄ±na kendisinden baÅŸka bir ÅŸeyle meÅŸgul olmak imkanÄ±nÄ± vermiyor.	0	0	0	0
538	TÃ¼rkiye'de organik Ã§ay Ã¼retimi tavan yaptÄ±.	0	0	0	0
539	TÃ¼rkiye'de plastik poÅŸet kullanÄ±mÄ± yÃ¼zde 77,27 dÃ¼ÅŸtÃ¼.	0	0	0	1
540	TÃ¼tÃ¼n mamullerinde tek tip pakete geÃ§ildi, uygulamanÄ±n etkileri tartÄ±ÅŸÄ±lÄ±yor.	0	0	0	0
541	"tvde Ã¶rÃ¼mcek adam izliyoruz, babam ""memur muydu bu?"" diyor..."	0	0	0	0
542	Twitter siyasetle iliÅŸkili reklamlarÄ± yasaklÄ±yor.	0	0	0	1
543	Twitter, gelen tepkiler Ã¼zerine aktif olmayan hesaplarÄ± silmekten ÅŸimdilik vazgeÃ§ti.	0	0	0	1
544	UluslararasÄ± Ceza Mahkemesi, BatÄ± Åeria ve Gazze'de yaÅŸananlar nedeniyle savaÅŸ suÃ§larÄ± soruÅŸturmasÄ± aÃ§mak istiyor.	0	0	0	0
545	UtangaÃ§lÄ±k neden kaynaklanÄ±r, giderilebilir mi?	0	0	0	0
546	Uzayda inek hÃ¼crelerinden 3 boyutlu yazÄ±cÄ±yla biftek Ã¼retildi.	0	0	0	1
547	uzun yolda aÄŸlayan Ã§ocuklar beni delirtiyor, tamam Ã§ocuÄŸun suÃ§u yok ama yine de katlanamÄ±yorum.	0	0	0	0
548	Ã¼lkenin yarÄ±sÄ± anadilini dÃ¼zgÃ¼n konuÅŸamÄ±yor, sokak rÃ¶portajÄ± izlerken dehÅŸete dÃ¼ÅŸÃ¼yorum.	0	0	0	0
549	Var oluÅŸumuz baÅŸÄ±mÄ±za gelenlerle deÄŸil onlara verdiÄŸimiz tepkilerle ÅŸekilleniyor.	0	0	0	1
550	veganlÄ±ÄŸa karÅŸÄ±yÄ±m ama Ã¶zellikle geliÅŸmiÅŸ Ã¼lkelerde gereÄŸinden Ã§ok fazla et tÃ¼ketildiÄŸi de bir gerÃ§ek.	0	0	0	0
551	veganlÄ±k bir akÄ±m mÄ±dÄ±r yoksa iÃ§ten gelen bir sese kulak vermek midir?	0	0	0	0
552	VirÃ¼se karÅŸÄ± tedbirler kapsamÄ±nda kapanan iÅŸ yerlerinde iÅŸten Ã§Ä±karmalarÄ±n baÅŸladÄ±ÄŸÄ±nÄ± duymaya baÅŸladÄ±k... Ä°leriki gÃ¼nlerde bu durum toplu iÅŸsizleÅŸtirmeye dÃ¶nebilir.	0	0	0	1
553	viyana... hayallerimin ÅŸehrisin keÅŸke seninle olsam :( 	0	0	0	0
554	Vladimir Putin'in hala Windows XP iÅŸletim sistemine sahip bir bilgisayar kullanÄ±ldÄ±ÄŸÄ± Ã¶ÄŸrenildi.	0	0	0	1
555	YaÄŸmurlu hava yÄ±lÄ±n her zamanÄ±nda tercihimdir, zaten kÃ¼resel iklim Ã¶lmÃ¼ÅŸ bitmiÅŸ bari sÄ±caktan erimeyelim, 30 yÄ±la soyumuz tÃ¼kenecek.	0	0	0	0
556	yapÄ±ÅŸkanlÄ± kaÄŸÄ±t baÄŸÄ±mlÄ±lÄ±k yapÄ±yor sanÄ±rÄ±m, 24 Ã§eÅŸit yapÄ±ÅŸkanlÄ± kaÄŸÄ±t almÄ±ÅŸÄ±m ve kullanmaya kÄ±yamÄ±yorum asla! 	0	1	1	1
557	yapma hocam etme hocam bÄ±rakÄ±rsan 1 sene daha uzatmak zorundayÄ±m hocam gÃ¶zÃ¼nÃ¼n yaÄŸÄ±nÄ± yiyeyim hocam...	0	0	0	1
558	YarÄ±n daha erken gelmelisin.	0	0	0	0
559	yastÄ±ÄŸa sarÄ±lÄ±p aÄŸlama saatim geldi.	0	0	0	0
560	yaÅŸlÄ±larÄ±n yanÄ±nda hÄ±zlÄ± hÄ±zlÄ± yÃ¼rÃ¼yerek geÃ§tiÄŸimizde yaÅŸlandÄ±klarÄ±nÄ± fark edip Ã¼zÃ¼lÃ¼yorlar mÄ±dÄ±r acaba?	0	0	0	1
561	YazÄ±nÄ±zÄ± yayÄ±n koordinatÃ¶rÃ¼mÃ¼ze gÃ¶sterdim, ofisÃ§e Ã§ok etkilendik yarÄ±nki gazetede yazÄ±nÄ±za yer vermek istiyoruz, gÃ¶rselle birlikte.	0	0	0	0
562	yemek mi yesem, dizi mi izlesem yoksa uyusam mÄ±... gece yarÄ±sÄ±ndan sonra hepsi Ã§ok Ã§ekici geliyor.	0	0	0	0
563	yeni bir hobi edindim, artÄ±k sukulent yetiÅŸtiriyorum.	0	0	0	0
564	yeni bir sabah, yeni bir ruhsal Ã§Ã¶kÃ¼ntÃ¼.	0	0	0	0
565	yeni bir tarz konusunda tavsiyelerine ihtiyacÄ±m var!	0	1	1	0
566	Yeni Delhi 'dev bir gaz odasÄ±na' dÃ¶nÃ¼ÅŸtÃ¼. Okullar tatil edildi, milyonlarca gaz maskesi daÄŸÄ±tÄ±ldÄ±.	0	0	0	1
567	yeni havaalanÄ± iyi hoÅŸ gÃ¼zel de bizde para yok ki uÃ§ak bileti alalÄ±m...	0	0	0	0
568	Yeni yapay nÃ¶ron Alzheimer tedavisinde kullanÄ±labilir.	0	0	0	0
569	yÄ±llÄ±k kiÅŸilik testi tekrarÄ±nÄ±n vakti gelmiÅŸ, bakalÄ±m bu yÄ±l yine baÅŸka bir kiÅŸiliÄŸe bÃ¼rÃ¼nmÃ¼ÅŸ mÃ¼yÃ¼z?	0	0	0	1
570	zalim, oyunbozan, sen de bu bÃ¼yÃ¼ de yalan...	0	0	0	0
571	zamanÄ± ileri sarma aktivitelerinde 1 numara: minecraft oynamak	0	0	0	1
572	zamanÄ±n geÃ§iÅŸini umursamadan bilgisayar oyunlarÄ±na gÃ¶mÃ¼lmek istiyorum.	0	0	0	0
573	4 kiÅŸilik mide lobisi grubumuzda bir kebapÃ§Ä±, bir barista, bir tatlÄ±cÄ±, bir de italyan-uzakdoÄŸu mutfaÄŸÄ± heveslisiyiz, sanÄ±rÄ±m Ã§ok renkli bir dÃ¼kkan aÃ§abiliriz bu ekiple, yatÄ±rÄ±mcÄ±lar mesaj atabilir ğŸ’¸	0	0	0	1
574	ğŸğŸ YeÅŸil elmalarÄ±n, kÄ±rmÄ±zÄ± elmalara gÃ¶re daha Ã§ok ÅŸeker iÃ§erdiÄŸi aÃ§Ä±klandÄ±. ğŸğŸ	0	0	0	0
575	ğŸ†ğŸ† Juventus'u deviren Lazio, SÃ¼per Kupa'nÄ±n sahibi oldu. ğŸ†ğŸ†	0	0	0	1
576	3 gÃ¼nde nasÄ±l 2 sÄ±nav ve 3 Ã¶dev teslimim var anlam veremiyorum kafam patlayacak ğŸ˜¤ğŸ˜“	0	0	0	0
577	ArkadaÅŸlarla bir film kulÃ¼bÃ¼ ğŸ¬ baÅŸlattÄ±k, her gÃ¼n bir film izliyor sonra da incelemelerini okuyoruz. 	0	0	0	1
578	Balkan ÅampiyonasÄ±'nda milli koÅŸucumuz Ercan Arslan tÃ¼rk atletler arasÄ±nda tÃ¼m zamanlarÄ±n en iyi 6. sÃ¼resini koÅŸtu. ğŸ‡¹ğŸ‡·ğŸ‡¹ğŸ‡·ğŸ‡¹ğŸ‡·	0	0	0	1
579	BeyoÄŸlu'nda lodosun etkisiyle bir binanÄ±n Ã§atÄ±sÄ± uÃ§tu ğŸ˜±	0	0	0	0
580	bu aralar en keyif aldÄ±ÄŸÄ±m ÅŸey kahvemi elime alÄ±p cam kenarÄ±na oturmak ve sukulentlerimi izlemek ğŸŒµğŸŒ±	0	0	0	1
581	bu yeni kulaklÄ±klarÄ±n sesi mÃ¼thiÅŸ, hepinize Ã¶neririm ğŸ§	0	0	0	0
582	Ã§izimlerimi paylaÅŸtÄ±ÄŸÄ±m bir instagram aÃ§tÄ±m, fotoÄŸrafÄ±nÄ±zÄ± atarsanÄ±z sizi de Ã§izerim ğŸ–ï¸ğŸ–Œï¸ğŸ–Šï¸	0	0	0	1
583	doÄŸum gÃ¼nÃ¼ hediyesi olarak Ã¼zerime rengarenk kalemler atan canÄ±m arkadaÅŸlarÄ±m sizi Ã§ok seviyorum beni Ã§ok iyi tanÄ±yorsunuz ğŸ’œğŸ’–â¤ï¸ğŸ§¡ğŸ’›ğŸ’šğŸ’™ğŸ–¤	0	0	0	0
584	En bÃ¼yÃ¼k hayallerimden biriydi ama baÅŸardÄ±m, New York Moda HaftasÄ±'na davetim var! ğŸ‘—ğŸ‘ 	0	1	1	0
585	Favori kahvaltÄ±m ev yapÄ±mÄ± yoÄŸurt ile taze meyve karÄ±ÅŸtÄ±rmak ğŸŠğŸ“ğŸ¥	0	0	0	0
586	Ford motor ÅŸirketinde mali yapÄ± ne durumda? ğŸ¤”	0	0	0	1
587	Her gÃ¼n dÃ¼zenli yÃ¼rÃ¼menin sayÄ±sÄ±z faydasÄ± bulunuyor. ğŸƒğŸ»â€â™‚ï¸	0	0	0	0
588	iki kÄ±yafet arasÄ±nda kalÄ±p hangisini seÃ§eceÄŸime asla karar verememekten nefret ediyorum ğŸ˜ 	0	0	0	0
589	izmir onur yÃ¼rÃ¼yÃ¼ÅŸÃ¼ yine Ã§ok renkliydi ğŸ³ï¸â€ğŸŒˆğŸ³ï¸â€âš§	0	0	0	0
590	Kahvem olmadan gÃ¼ne baÅŸlayamÄ±yorum â˜•	0	0	0	0
591	kanka, kÄ±zlarÄ±n inÅŸallahÄ± annelerin maÅŸallahÄ±sÄ±n ğŸ§¿ğŸ§¿ğŸ§¿	0	0	0	0
592	Sabah kardeÅŸimi benim diÅŸ fÄ±rÃ§amÄ± kullanÄ±rken yakaladÄ±m, kendinin sanÄ±yormuÅŸ... ğŸ˜–ğŸ¤¢	0	0	0	0
593	SatÄ±n alma, sahiplen! ğŸ¶ğŸ±	0	1	1	0
594	sonunda kanalizasyonu tamir ettiler artÄ±k sabahlarÄ± b*k kokusuna uyanmamÄ±z gerekmeyecek ğŸ’©	0	0	0	0
595	ÅarabÄ±n saati olmaz ğŸ·ğŸ·ğŸ·	0	0	0	0
596	TÃ¼m verimlilik hilelerini denedim ama asla oturup verimli Ã§alÄ±ÅŸamÄ±yorum, yardÄ±m lÃ¼tfen! ğŸ˜­	0	1	1	0
597	UÃ§ak biniÅŸ kartlarÄ±mÄ±n yolculara geri verilen taraflarÄ±nÄ± biriktirmeyi Ã§ok seviyorum ğŸŸï¸âœˆï¸	0	0	0	1
598	Venedik'te su baskÄ±nlarÄ± sonrasÄ± yÄ±lbaÅŸÄ± iÃ§in otel rezervasyonlarÄ±nÄ±n yarÄ±sÄ± iptal edildi ğŸ˜­	0	0	0	1
599	yeni favori saÃ§ bakÄ±m Ã¼rÃ¼nÃ¼m yoÄŸurt ve yumurta karÄ±ÅŸÄ±mÄ±, hepinize Ã¶neririm ğŸ’†â€â™€ï¸ğŸ™†â€â™€ï¸	0	0	0	0
